"Tanggal","Terakhir","Pembukaan","Tertinggi","Terendah","Vol.","Perubahan%"
"02/01/2023","15.570,0","15.490,0","15.583,5","15.490,0","0,12K","0,03%"
"03/01/2023","15.595,0","15.595,0","15.612,5","15.550,0","0,17K","0,16%"
"04/01/2023","15.585,0","15.612,5","15.633,0","15.580,0","0,19K","-0,06%"
"05/01/2023","15.605,0","15.580,0","15.622,5","15.565,0","0,18K","0,13%"
"06/01/2023","15.630,0","15.635,0","15.643,0","15.603,5","0,16K","0,16%"
"09/01/2023","15.565,0","15.580,0","15.590,0","15.555,0","0,16K","-0,42%"
"10/01/2023","15.570,0","15.574,0","15.598,5","15.547,5","0,15K","0,03%"
"11/01/2023","15.480,0","15.565,0","15.575,0","15.470,0","0,26K","-0,58%"
"12/01/2023","15.336,0","15.470,0","15.470,0","15.290,0","","-0,93%"
"13/01/2023","15.140,0","15.210,0","15.237,5","15.135,5","","-1,28%"
"16/01/2023","15.040,0","15.080,0","15.080,0","14.981,5","","-0,66%"
"17/01/2023","15.160,0","15.125,0","15.180,0","15.027,5","","0,80%"
"18/01/2023","15.085,0","15.200,0","15.207,5","15.070,0","","-0,49%"
"19/01/2023","15.100,0","15.135,0","15.145,0","15.089,0","","0,10%"
"20/01/2023","15.070,0","15.120,0","15.155,0","15.075,0","","-0,20%"
"24/01/2023","14.885,0","15.035,0","15.045,0","14.884,0","","-1,23%"
"25/01/2023","14.960,0","14.925,0","14.975,0","14.915,0","","0,50%"
"26/01/2023","14.945,0","14.965,0","14.987,5","14.920,0","","-0,10%"
"27/01/2023","14.980,0","14.970,0","14.996,0","14.953,5","","0,23%"
"30/01/2023","14.965,0","14.972,5","14.989,0","14.954,5","","-0,10%"
"31/01/2023","14.985,0","15.000,0","15.005,0","14.971,5","","0,13%"
"01/02/2023","14.970,0","15.000,0","15.007,5","14.966,0","","-0,10%"
"02/02/2023","14.875,0","14.875,0","14.887,5","14.835,0","","-0,63%"
"03/02/2023","14.890,0","14.905,0","14.922,5","14.876,5","","0,10%"
"06/02/2023","15.050,0","15.005,0","15.072,5","15.005,0","","1,07%"
"07/02/2023","15.140,0","15.142,5","15.153,0","15.121,5","","0,60%"
"08/02/2023","15.095,0","15.145,0","15.152,5","15.098,5","","-0,30%"
"09/02/2023","15.090,0","15.115,0","15.130,0","15.094,5","","-0,03%"
"10/02/2023","15.130,0","15.117,5","15.147,5","15.114,0","","0,27%"
"13/02/2023","15.190,0","15.170,0","15.227,5","15.170,0","","0,40%"
"14/02/2023","15.155,0","15.175,0","15.197,5","15.151,5","","-0,23%"
"15/02/2023","15.200,0","15.167,5","15.207,5","15.157,0","","0,30%"
"16/02/2023","15.153,0","15.210,0","15.210,0","15.150,0","","-0,31%"
"17/02/2023","15.200,0","15.177,5","15.217,5","15.172,0","","0,31%"
"20/02/2023","15.155,0","15.197,5","15.200,0","15.154,5","","-0,30%"
"21/02/2023","15.185,0","15.162,5","15.193,5","15.160,0","","0,20%"
"22/02/2023","15.200,0","15.210,0","15.229,0","15.201,5","","0,10%"
"23/02/2023","15.185,0","15.175,0","15.196,0","15.164,0","","-0,10%"
"24/02/2023","15.220,0","15.205,0","15.225,0","15.193,0","","0,23%"
"27/02/2023","15.265,0","15.260,0","15.287,5","15.245,0","","0,30%"
"28/02/2023","15.245,0","15.230,0","15.295,0","15.225,0","","-0,13%"
"01/03/2023","15.230,0","15.240,0","15.265,0","15.228,5","","-0,10%"
"02/03/2023","15.275,0","15.265,0","15.286,0","15.249,0","","0,30%"
"03/03/2023","15.295,0","15.300,0","15.321,5","15.282,5","","0,13%"
"06/03/2023","15.290,0","15.315,0","15.320,0","15.285,0","","-0,03%"
"07/03/2023","15.345,0","15.350,0","15.367,5","15.330,0","","0,36%"
"08/03/2023","15.430,0","15.425,0","15.467,5","15.389,5","","0,55%"
"09/03/2023","15.420,0","15.445,0","15.457,5","15.422,5","","-0,06%"
"10/03/2023","15.445,0","15.475,0","15.480,0","15.450,0","","0,16%"
"13/03/2023","15.360,0","15.445,0","15.452,5","15.357,5","","-0,55%"
"14/03/2023","15.380,0","15.385,0","15.405,0","15.361,5","","0,13%"
"15/03/2023","15.360,0","15.370,0","15.380,0","15.335,0","","-0,13%"
"16/03/2023","15.375,0","15.420,0","15.455,0","15.376,0","","0,10%"
"17/03/2023","15.340,0","15.387,5","15.392,5","15.345,0","","-0,23%"
"20/03/2023","15.355,0","15.365,0","15.380,0","15.355,0","","0,10%"
"21/03/2023","15.340,0","15.345,0","15.360,0","15.334,0","","-0,10%"
"24/03/2023","15.150,0","15.165,0","15.207,5","15.145,0","","-1,24%"
"27/03/2023","15.155,0","15.190,0","15.192,5","15.156,0","","0,03%"
"28/03/2023","15.085,0","15.120,0","15.125,0","15.065,0","","-0,46%"
"29/03/2023","15.060,0","15.075,0","15.107,5","15.062,5","","-0,17%"
"30/03/2023","15.045,0","15.075,0","15.087,5","15.044,0","","-0,10%"
"31/03/2023","14.990,0","14.980,0","14.995,0","14.950,0","","-0,37%"
"03/04/2023","14.965,0","15.000,0","15.012,5","14.968,0","","-0,17%"
"04/04/2023","14.895,0","14.955,0","14.955,0","14.880,0","","-0,47%"
"05/04/2023","14.920,0","14.922,5","14.952,5","14.900,0","","0,17%"
"06/04/2023","14.910,0","14.965,0","14.972,5","14.912,5","","-0,07%"
"10/04/2023","14.899,0","14.910,0","14.937,5","14.888,5","","-0,07%"
"11/04/2023","14.881,0","14.935,0","14.935,0","14.870,0","","-0,12%"
"12/04/2023","14.875,0","14.887,5","14.907,5","14.837,5","","-0,04%"
"13/04/2023","14.750,0","14.840,0","14.847,5","14.744,5","","-0,84%"
"14/04/2023","14.695,0","14.695,0","14.705,0","14.645,0","","-0,37%"
"17/04/2023","14.785,0","14.755,0","14.794,0","14.741,0","","0,61%"
"18/04/2023","14.840,0","14.815,0","14.867,5","14.810,0","","0,37%"
"26/04/2023","14.830,0","14.895,0","14.935,0","14.820,0","","-0,07%"
"27/04/2023","14.700,0","14.830,0","14.832,5","14.690,0","","-0,88%"
"28/04/2023","14.665,0","14.675,0","14.691,0","14.627,5","","-0,24%"
"02/05/2023","14.700,0","14.645,0","14.712,5","14.645,0","","0,24%"
"03/05/2023","14.680,0","14.707,5","14.722,5","14.684,0","","-0,14%"
"04/05/2023","14.675,0","14.615,0","14.690,0","14.565,0","","-0,03%"
"05/05/2023","14.670,0","14.680,0","14.691,5","14.650,0","","-0,03%"
"08/05/2023","14.695,0","14.670,0","14.721,5","14.665,0","","0,17%"
"09/05/2023","14.725,0","14.750,0","14.772,5","14.730,0","","0,20%"
"10/05/2023","14.720,0","14.752,5","14.760,0","14.725,0","","-0,03%"
"11/05/2023","14.720,0","14.710,0","14.745,0","14.696,0","","0,00%"
"12/05/2023","14.745,0","14.765,0","14.772,0","14.735,0","","0,17%"
"15/05/2023","14.795,0","14.790,0","14.824,5","14.790,0","","0,34%"
"16/05/2023","14.815,0","14.785,0","14.834,5","14.780,0","","0,14%"
"17/05/2023","14.860,0","14.867,5","14.890,0","14.855,0","","0,30%"
"18/05/2023","14.923,0","14.876,0","14.924,0","14.845,0","","0,42%"
"19/05/2023","14.920,0","14.907,5","14.967,0","14.903,5","","-0,02%"
"22/05/2023","14.885,0","14.905,0","14.916,5","14.885,0","","-0,23%"
"23/05/2023","14.875,0","14.890,0","14.907,5","14.852,5","","-0,07%"
"24/05/2023","14.895,0","14.897,5","14.920,0","14.887,5","","0,13%"
"25/05/2023","14.945,0","14.960,0","14.964,0","14.933,0","","0,34%"
"26/05/2023","14.950,0","14.962,5","14.972,0","14.940,0","","0,03%"
"29/05/2023","14.965,0","14.965,0","14.981,0","14.956,0","","0,10%"
"30/05/2023","14.980,0","14.945,0","14.994,5","14.940,0","","0,10%"
"31/05/2023","14.985,0","15.010,0","15.018,5","14.987,5","","0,03%"
"01/06/2023","14.914,0","14.991,3","14.994,0","14.899,5","","-0,47%"
"02/06/2023","14.902,0","14.914,0","14.920,0","14.785,0","","-0,08%"
"05/06/2023","14.885,0","14.895,0","14.912,0","14.870,0","","-0,11%"
"06/06/2023","14.855,0","14.860,0","14.870,0","14.819,5","","-0,20%"
"07/06/2023","14.875,0","14.857,5","14.889,0","14.852,5","","0,13%"
"08/06/2023","14.890,0","14.902,5","14.915,0","14.884,0","","0,10%"
"09/06/2023","14.835,0","14.845,0","14.914,5","14.835,0","","-0,37%"
"12/06/2023","14.860,0","14.897,5","14.904,5","14.855,0","","0,17%"
"13/06/2023","14.855,0","14.875,0","14.880,0","14.855,0","","-0,03%"
"14/06/2023","14.895,0","14.877,5","14.920,0","14.868,0","","0,27%"
"15/06/2023","14.940,0","14.915,0","14.962,5","14.915,0","","0,30%"
"16/06/2023","14.930,0","14.927,5","14.952,5","14.920,0","","-0,07%"
"19/06/2023","14.990,0","14.977,5","14.999,0","14.965,0","","0,40%"
"20/06/2023","14.995,0","15.022,5","15.052,5","15.000,0","","0,03%"
"21/06/2023","14.940,0","15.037,5","15.042,5","14.910,0","","-0,37%"
"22/06/2023","14.935,0","14.932,5","14.975,0","14.890,0","","-0,03%"
"23/06/2023","14.990,0","14.965,0","15.007,0","14.965,0","","0,37%"
"26/06/2023","15.010,0","15.005,0","15.042,5","15.005,0","","0,13%"
"27/06/2023","14.990,0","14.995,0","15.011,5","14.987,5","","-0,13%"
"28/06/2023","14.987,9","14.988,0","15.022,6","14.971,0","","-0,01%"
"29/06/2023","15.071,0","14.993,0","15.080,3","14.985,7","","0,55%"
"30/06/2023","15.040,4","15.070,5","15.085,0","15.020,8","","-0,20%"
"03/07/2023","15.020,0","15.005,0","15.041,0","15.005,0","","-0,14%"
"04/07/2023","14.990,0","15.040,0","15.044,5","14.986,0","","-0,20%"
"05/07/2023","15.010,0","15.010,0","15.027,5","14.999,5","","0,13%"
"06/07/2023","15.040,0","15.062,5","15.074,5","15.043,5","","0,20%"
"07/07/2023","15.130,0","15.125,0","15.147,5","15.110,0","","0,60%"
"10/07/2023","15.190,0","15.150,0","15.222,0","15.140,0","","0,40%"
"11/07/2023","15.135,0","15.195,0","15.195,0","15.132,5","","-0,36%"
"12/07/2023","15.075,0","15.130,0","15.132,5","15.055,0","","-0,40%"
"13/07/2023","14.965,0","14.955,0","14.997,0","14.945,0","","-0,73%"
"14/07/2023","14.955,0","14.950,0","14.965,5","14.913,0","","-0,07%"
"17/07/2023","15.000,0","14.995,0","15.013,5","14.991,5","","0,30%"
"18/07/2023","14.990,0","14.990,0","15.000,0","14.985,0","","-0,07%"
"19/07/2023","14.999,0","14.990,5","15.029,3","14.981,0","","0,06%"
"20/07/2023","14.985,0","14.987,5","15.007,5","14.977,5","","-0,09%"
"21/07/2023","15.020,0","15.012,5","15.033,5","15.010,0","","0,23%"
"24/07/2023","15.020,0","15.030,0","15.035,0","15.018,0","","0,00%"
"25/07/2023","14.990,0","15.015,0","15.022,5","14.992,5","","-0,20%"
"26/07/2023","15.015,0","15.030,0","15.042,5","15.015,0","","0,17%"
"27/07/2023","14.995,0","15.015,0","15.022,5","14.985,0","","-0,13%"
"28/07/2023","15.090,0","15.060,0","15.105,0","15.056,5","","0,63%"
"31/07/2023","15.075,0","15.090,0","15.105,0","15.080,0","","-0,10%"
"01/08/2023","15.110,0","15.112,5","15.122,5","15.018,5","","0,23%"
"02/08/2023","15.170,0","15.140,0","15.197,0","15.137,5","","0,40%"
"03/08/2023","15.180,0","15.185,0","15.210,0","15.182,5","","0,07%"
"04/08/2023","15.165,0","15.147,5","15.182,5","15.145,0","","-0,10%"
"07/08/2023","15.180,0","15.170,0","15.190,5","15.161,0","","0,10%"
"08/08/2023","15.215,0","15.222,5","15.237,5","15.217,0","","0,23%"
"09/08/2023","15.190,0","15.210,0","15.222,5","15.189,5","","-0,16%"
"10/08/2023","15.180,0","15.210,0","15.217,5","15.185,0","","-0,07%"
"11/08/2023","15.210,0","15.215,0","15.237,0","15.205,0","","0,20%"
"14/08/2023","15.310,0","15.297,5","15.338,5","15.287,5","","0,66%"
"15/08/2023","15.335,0","15.342,5","15.359,5","15.332,5","","0,16%"
"16/08/2023","15.280,0","15.337,5","15.338,5","15.282,5","","-0,36%"
"17/08/2023","15.361,8","15.368,5","15.391,0","15.329,0","","0,54%"
"18/08/2023","15.280,0","15.310,0","15.319,5","15.285,0","","-0,53%"
"21/08/2023","15.320,0","15.330,0","15.339,0","15.318,5","","0,26%"
"22/08/2023","15.310,0","15.320,0","15.332,0","15.310,0","","-0,07%"
"23/08/2023","15.290,0","15.317,5","15.330,0","15.295,0","","-0,13%"
"24/08/2023","15.240,0","15.252,5","15.274,5","15.239,5","","-0,33%"
"25/08/2023","15.290,0","15.275,0","15.307,0","15.274,0","","0,33%"
"28/08/2023","15.285,0","15.295,0","15.301,5","15.285,0","","-0,03%"
"29/08/2023","15.255,0","15.277,5","15.282,5","15.250,0","","-0,20%"
"30/08/2023","15.235,0","15.220,0","15.295,0","15.215,0","","-0,13%"
"31/08/2023","15.225,0","15.222,5","15.244,0","15.222,5","","-0,07%"
"01/09/2023","15.235,0","15.227,5","15.264,0","15.226,5","","0,07%"
"04/09/2023","15.235,0","15.242,5","15.254,0","15.234,0","","0,00%"
"05/09/2023","15.260,0","15.250,0","15.274,0","15.242,5","","0,16%"
"06/09/2023","15.290,0","15.310,0","15.321,5","15.215,0","","0,20%"
"07/09/2023","15.320,0","15.330,0","15.341,5","15.319,0","","0,20%"
"08/09/2023","15.320,0","15.330,0","15.347,5","15.325,0","","0,00%"
"11/09/2023","15.320,0","15.350,0","15.361,5","15.325,0","","0,00%"
"12/09/2023","15.335,0","15.340,0","15.354,5","15.330,0","","0,10%"
"13/09/2023","15.365,0","15.360,0","15.377,0","15.350,0","","0,20%"
"14/09/2023","15.350,0","15.365,0","15.371,5","15.340,0","","-0,10%"
"15/09/2023","15.350,0","15.390,0","15.392,5","15.351,0","","0,00%"
"18/09/2023","15.365,0","15.367,5","15.381,5","15.361,5","","0,10%"
"19/09/2023","15.375,0","15.382,5","15.393,5","15.369,5","","0,07%"
"20/09/2023","15.375,0","15.390,0","15.403,0","15.380,0","","0,00%"
"21/09/2023","15.370,0","15.392,5","15.411,5","15.375,0","","-0,03%"
"22/09/2023","15.370,0","15.385,0","15.394,0","15.369,0","","0,00%"
"25/09/2023","15.395,0","15.380,0","15.409,0","15.380,0","","0,16%"
"26/09/2023","15.485,0","15.430,0","15.505,0","15.427,5","","0,58%"
"27/09/2023","15.515,0","15.487,0","15.542,5","15.420,0","","0,19%"
"28/09/2023","15.481,0","15.576,0","15.597,8","15.466,3","","-0,22%"
"29/09/2023","15.450,0","15.505,0","15.508,5","15.455,0","","-0,20%"
"02/10/2023","15.525,0","15.492,5","15.541,0","15.492,5","","0,49%"
"03/10/2023","15.575,0","15.580,0","15.612,5","15.580,0","","0,32%"
"04/10/2023","15.625,0","15.620,0","15.646,5","15.612,5","","0,32%"
"05/10/2023","15.610,0","15.585,0","15.621,5","15.575,0","","-0,10%"
"06/10/2023","15.605,0","15.620,0","15.636,5","15.610,0","","-0,03%"
"09/10/2023","15.685,0","15.635,0","15.702,5","15.635,0","","0,51%"
"10/10/2023","15.730,0","15.677,5","15.742,5","15.667,5","","0,29%"
"11/10/2023","15.690,0","15.727,5","15.737,5","15.689,0","","-0,25%"
"12/10/2023","15.685,0","15.695,0","15.708,0","15.690,0","","-0,03%"
"13/10/2023","15.680,0","15.735,0","15.740,0","15.682,5","","-0,03%"
"16/10/2023","15.715,0","15.705,0","15.727,5","15.700,0","","0,22%"
"17/10/2023","15.710,0","15.705,0","15.726,5","15.701,5","","-0,03%"
"18/10/2023","15.725,0","15.730,0","15.737,5","15.716,0","","0,10%"
"19/10/2023","15.810,0","15.790,0","15.856,5","15.790,0","","0,54%"
"20/10/2023","15.870,0","15.847,5","15.889,0","15.825,0","","0,38%"
"23/10/2023","15.930,0","15.880,0","15.967,5","15.880,0","","0,38%"
"24/10/2023","15.845,0","15.892,5","15.895,0","15.835,0","","-0,53%"
"25/10/2023","15.865,0","15.867,5","15.880,0","15.862,5","","0,13%"
"26/10/2023","15.915,0","15.895,0","15.942,5","15.895,0","","0,32%"
"27/10/2023","15.935,0","15.917,5","15.952,5","15.914,0","","0,13%"
"30/10/2023","15.885,0","15.922,5","15.930,5","15.882,5","","-0,31%"
"31/10/2023","15.880,0","15.877,5","15.912,5","15.867,5","","-0,03%"
"01/11/2023","15.930,0","15.925,0","15.953,5","15.920,0","","0,31%"
"02/11/2023","15.850,0","15.875,0","15.880,0","15.835,0","","-0,50%"
"03/11/2023","15.725,0","15.832,5","15.832,5","15.724,0","","-0,79%"
"06/11/2023","15.535,0","15.595,0","15.595,0","15.510,0","","-1,21%"
"07/11/2023","15.625,0","15.565,0","15.635,0","15.560,0","","0,58%"
"08/11/2023","15.645,0","15.625,0","15.665,0","15.590,0","","0,13%"
"09/11/2023","15.650,0","15.642,5","15.672,5","15.631,0","","0,03%"
"10/11/2023","15.690,0","15.685,0","15.712,5","15.675,0","","0,26%"
"13/11/2023","15.695,0","15.702,5","15.727,0","15.697,5","","0,03%"
"14/11/2023","15.690,0","15.695,0","15.707,5","15.690,0","","-0,03%"
"15/11/2023","15.530,0","15.505,0","15.553,0","15.467,5","","-1,02%"
"16/11/2023","15.540,0","15.555,0","15.622,5","15.545,0","","0,06%"
"17/11/2023","15.490,0","15.512,5","15.535,0","15.489,0","","-0,32%"
"20/11/2023","15.440,0","15.412,5","15.552,0","15.382,5","","-0,32%"
"21/11/2023","15.435,0","15.392,0","15.507,0","15.385,0","","-0,03%"
"22/11/2023","15.570,0","15.535,0","15.604,0","15.530,0","","0,87%"
"23/11/2023","15.550,0","15.600,0","15.623,5","15.545,0","","-0,13%"
"24/11/2023","15.560,0","15.565,0","15.612,5","15.555,0","","0,06%"
"27/11/2023","15.490,0","15.540,0","15.560,0","15.475,0","","-0,45%"
"28/11/2023","15.430,0","15.470,0","15.482,5","15.430,0","","-0,39%"
"29/11/2023","15.390,0","15.387,5","15.422,5","15.357,5","","-0,26%"
"30/11/2023","15.505,0","15.450,0","15.510,0","15.441,0","","0,75%"
"01/12/2023","15.480,0","15.520,0","15.548,5","15.485,0","","-0,16%"
"04/12/2023","15.450,0","15.425,0","15.468,5","15.415,0","","-0,19%"
"05/12/2023","15.500,0","15.490,0","15.519,0","15.487,5","","0,32%"
"06/12/2023","15.490,0","15.490,0","15.514,5","15.485,0","","-0,06%"
"07/12/2023","15.510,0","15.515,0","15.543,5","15.509,0","","0,13%"
"08/12/2023","15.505,0","15.502,5","15.526,5","15.483,5","","-0,03%"
"11/12/2023","15.610,0","15.580,0","15.622,5","15.580,0","","0,68%"
"12/12/2023","15.615,0","15.640,0","15.654,5","15.614,5","","0,03%"
"13/12/2023","15.655,0","15.611,0","15.677,5","15.597,0","","0,26%"
"14/12/2023","15.495,0","15.460,0","15.520,0","15.460,0","","-1,02%"
"15/12/2023","15.490,0","15.512,5","15.528,5","15.472,5","","-0,03%"
"18/12/2023","15.505,0","15.542,5","15.561,5","15.490,0","","0,10%"
"19/12/2023","15.500,0","15.522,5","15.526,5","15.487,5","","-0,03%"
"20/12/2023","15.505,0","15.500,0","15.527,5","15.494,0","","0,03%"
"21/12/2023","15.520,0","15.520,0","15.551,0","15.512,5","","0,10%"
"22/12/2023","15.480,0","15.490,0","15.505,0","15.475,0","","-0,26%"
"25/12/2023","15.467,0","15.466,8","15.467,0","15.466,8","","-0,08%"
"26/12/2023","15.407,0","15.467,0","15.467,0","15.405,0","","-0,39%"
"27/12/2023","15.425,0","15.430,0","15.442,5","15.392,5","","0,12%"
"28/12/2023","15.415,0","15.385,0","15.434,5","15.380,0","","-0,06%"
"29/12/2023","15.395,0","15.430,0","15.457,5","15.397,0","","-0,13%"
"01/01/2024","15.390,0","15.390,1","15.390,1","15.390,0","","-0,03%"
"02/01/2024","15.465,0","15.430,0","15.482,5","15.430,0","","0,49%"
"03/01/2024","15.475,0","15.505,0","15.527,5","15.470,0","","0,06%"
"04/01/2024","15.485,0","15.535,0","15.552,5","15.490,0","","0,06%"
"05/01/2024","15.510,0","15.507,5","15.532,0","15.499,5","","0,16%"
"08/01/2024","15.520,0","15.500,0","15.533,5","15.500,0","","0,06%"
"09/01/2024","15.515,0","15.529,0","15.531,0","15.504,5","","-0,03%"
"10/01/2024","15.565,0","15.540,0","15.587,5","15.537,5","","0,32%"
"11/01/2024","15.545,0","15.552,5","15.570,0","15.544,5","","-0,13%"
"12/01/2024","15.545,0","15.562,5","15.575,0","15.542,5","","0,00%"
"15/01/2024","15.550,0","15.555,0","15.562,5","15.545,0","","0,03%"
"16/01/2024","15.585,0","15.572,5","15.598,5","15.570,0","","0,23%"
"17/01/2024","15.635,0","15.625,0","15.647,5","15.617,5","","0,32%"
"18/01/2024","15.615,0","15.617,5","15.637,5","15.612,5","","-0,13%"
"19/01/2024","15.610,0","15.617,5","15.637,5","15.612,5","","-0,03%"
"22/01/2024","15.630,0","15.607,5","15.640,0","15.607,5","","0,13%"
"23/01/2024","15.625,0","15.660,0","15.677,5","15.630,0","","-0,03%"
"24/01/2024","15.705,0","15.694,0","15.730,0","15.693,0","","0,51%"
"25/01/2024","15.820,0","15.710,0","15.835,0","15.705,0","","0,73%"
"26/01/2024","15.815,0","15.837,5","15.847,5","15.810,0","","-0,03%"
"29/01/2024","15.805,0","15.812,5","15.833,0","15.807,5","","-0,06%"
"30/01/2024","15.777,0","15.800,0","15.816,0","15.775,0","","-0,18%"
"31/01/2024","15.775,0","15.802,5","15.818,0","15.778,0","","-0,01%"
"01/02/2024","15.760,0","15.787,5","15.802,5","15.757,5","","-0,10%"
"02/02/2024","15.655,0","15.755,0","15.755,0","15.644,0","","-0,67%"
"05/02/2024","15.700,0","15.725,0","15.727,5","15.690,5","","0,29%"
"06/02/2024","15.725,0","15.752,5","15.757,5","15.722,5","","0,16%"
"07/02/2024","15.630,0","15.722,5","15.727,5","15.615,0","","-0,60%"
"08/02/2024","15.665,0","15.654,0","15.678,0","15.618,0","","0,22%"
"09/02/2024","15.611,5","15.665,0","15.666,0","15.609,0","","-0,34%"
"12/02/2024","15.590,0","15.640,0","15.640,0","15.594,5","","-0,14%"
"13/02/2024","15.590,0","15.590,0","15.614,0","15.565,0","","0,00%"
"14/02/2024","15.632,0","15.677,0","15.726,7","15.560,6","","0,27%"
"15/02/2024","15.615,0","15.582,5","15.640,0","15.547,5","","-0,11%"
"16/02/2024","15.615,0","15.655,0","15.677,5","15.620,0","","0,00%"
"19/02/2024","15.625,0","15.640,0","15.642,5","15.616,0","","0,06%"
"20/02/2024","15.655,0","15.640,0","15.669,0","15.637,5","","0,19%"
"21/02/2024","15.630,0","15.670,0","15.685,0","15.635,0","","-0,16%"
"22/02/2024","15.585,0","15.640,0","15.659,5","15.589,5","","-0,29%"
"23/02/2024","15.590,0","15.602,5","15.607,5","15.572,5","","0,03%"
"26/02/2024","15.625,0","15.622,5","15.642,5","15.619,0","","0,22%"
"27/02/2024","15.635,0","15.650,0","15.662,5","15.640,0","","0,06%"
"28/02/2024","15.680,0","15.645,0","15.692,0","15.645,0","","0,29%"
"29/02/2024","15.710,0","15.705,0","15.735,5","15.690,0","","0,19%"
"01/03/2024","15.695,0","15.722,5","15.722,5","15.680,0","","-0,10%"
"04/03/2024","15.735,0","15.705,0","15.740,0","15.704,5","","0,25%"
"05/03/2024","15.765,0","15.752,5","15.777,5","15.735,0","","0,19%"
"06/03/2024","15.695,0","15.760,0","15.760,0","15.690,0","","-0,44%"
"07/03/2024","15.650,0","15.667,5","15.685,0","15.635,0","","-0,29%"
"08/03/2024","15.585,0","15.625,0","15.640,0","15.573,0","","-0,42%"
"11/03/2024","15.525,0","15.541,3","15.590,0","15.438,5","","-0,38%"
"12/03/2024","15.561,0","15.526,5","15.563,0","15.470,9","","0,23%"
"13/03/2024","15.570,0","15.570,0","15.595,0","15.557,5","","0,06%"
"14/03/2024","15.575,0","15.580,0","15.589,5","15.569,5","","0,03%"
"15/03/2024","15.590,0","15.630,0","15.641,5","15.594,5","","0,10%"
"18/03/2024","15.685,0","15.625,0","15.698,0","15.622,5","","0,61%"
"19/03/2024","15.710,0","15.720,0","15.735,0","15.697,5","","0,16%"
"20/03/2024","15.710,0","15.722,5","15.742,5","15.708,5","","0,00%"
"21/03/2024","15.655,0","15.665,0","15.680,0","15.647,0","","-0,35%"
"22/03/2024","15.775,0","15.730,0","15.790,0","15.722,5","","0,77%"
"25/03/2024","15.795,0","15.785,0","15.808,5","15.775,0","","0,13%"
"26/03/2024","15.785,0","15.800,0","15.810,0","15.780,0","","-0,06%"
"27/03/2024","15.850,0","15.830,0","15.865,0","15.818,5","","0,41%"
"28/03/2024","15.850,0","15.880,0","15.894,0","15.855,0","","0,00%"
"29/03/2024","15.880,0","15.891,0","15.909,3","15.858,5","","0,19%"
"01/04/2024","15.885,0","15.875,0","15.920,0","15.872,5","","0,03%"
"02/04/2024","15.895,0","15.947,5","15.965,0","15.897,0","","0,06%"
"03/04/2024","15.915,0","15.930,0","15.940,0","15.905,0","","0,13%"
"04/04/2024","15.890,0","15.937,5","15.937,5","15.890,0","","-0,16%"
"05/04/2024","15.840,0","15.907,5","15.916,0","15.842,5","","-0,31%"
"08/04/2024","15.925,0","15.888,0","15.928,0","15.867,0","","0,54%"
"09/04/2024","15.899,0","15.925,0","15.925,0","15.833,0","","-0,16%"
"10/04/2024","15.998,0","15.900,0","16.002,0","15.826,0","","0,62%"
"11/04/2024","16.031,0","16.002,0","16.036,5","15.950,5","","0,21%"
"12/04/2024","16.117,0","16.030,5","16.161,3","15.996,0","","0,54%"
"15/04/2024","16.116,7","16.118,0","16.138,0","16.050,8","","0,00%"
"16/04/2024","16.170,0","16.075,0","16.210,0","16.072,5","","0,33%"
"17/04/2024","16.215,0","16.235,0","16.272,5","16.210,0","","0,28%"
"18/04/2024","16.170,0","16.185,0","16.195,0","16.155,0","","-0,28%"
"19/04/2024","16.250,0","16.265,0","16.290,0","16.255,0","","0,49%"
"22/04/2024","16.230,0","16.217,5","16.245,0","16.207,5","","-0,12%"
"23/04/2024","16.215,0","16.245,0","16.252,5","16.220,0","","-0,09%"
"24/04/2024","16.150,0","16.150,0","16.180,0","16.145,0","","-0,40%"
"25/04/2024","16.185,0","16.205,0","16.223,5","16.179,0","","0,22%"
"26/04/2024","16.205,0","16.200,0","16.229,5","16.197,5","","0,12%"
"29/04/2024","16.250,0","16.237,5","16.265,0","16.229,5","","0,28%"
"30/04/2024","16.255,0","16.265,0","16.282,5","16.259,5","","0,03%"
"01/05/2024","16.193,6","16.279,0","16.280,5","16.167,3","","-0,38%"
"02/05/2024","16.180,0","16.250,0","16.250,0","16.185,0","","-0,08%"
"03/05/2024","16.080,0","16.075,0","16.107,5","16.072,5","","-0,62%"
"06/05/2024","16.020,0","15.985,0","16.032,5","15.980,0","","-0,37%"
"07/05/2024","16.040,0","16.065,0","16.070,5","16.044,5","","0,12%"
"08/05/2024","16.040,0","16.090,0","16.095,0","16.045,0","","0,00%"
"09/05/2024","16.026,0","16.080,5","16.083,3","16.014,8","","-0,09%"
"10/05/2024","16.058,9","16.036,5","16.080,0","16.009,7","","0,21%"
"13/05/2024","16.075,0","16.070,0","16.096,5","16.067,5","","0,10%"
"14/05/2024","16.090,0","16.130,0","16.141,5","16.100,0","","0,09%"
"15/05/2024","16.025,0","16.080,0","16.095,0","16.026,5","","-0,40%"
"16/05/2024","15.920,0","15.922,5","15.960,0","15.912,5","","-0,66%"
"17/05/2024","15.950,0","15.960,0","15.988,5","15.945,0","","0,19%"
"20/05/2024","15.970,0","15.960,0","15.987,5","15.960,0","","0,13%"
"21/05/2024","15.990,0","16.040,0","16.042,5","15.994,5","","0,13%"
"22/05/2024","15.990,0","15.990,0","16.010,0","15.967,5","","0,00%"
"23/05/2024","16.102,3","16.048,0","16.102,3","16.018,3","","0,70%"
"24/05/2024","16.045,0","16.102,3","16.121,0","16.026,0","","-0,36%"
"27/05/2024","16.060,0","16.030,0","16.072,5","16.015,0","","0,09%"
"28/05/2024","16.085,0","16.070,0","16.101,5","16.070,0","","0,16%"
"29/05/2024","16.155,0","16.130,0","16.167,5","16.117,5","","0,44%"
"30/05/2024","16.255,0","16.222,5","16.275,0","16.222,5","","0,62%"
"31/05/2024","16.245,0","16.265,0","16.267,5","16.237,5","","-0,06%"
"03/06/2024","16.225,0","16.255,0","16.265,0","16.205,0","","-0,12%"
"04/06/2024","16.215,0","16.195,0","16.240,0","16.190,0","","-0,06%"
"05/06/2024","16.280,0","16.255,0","16.293,5","16.247,5","","0,40%"
"06/06/2024","16.255,0","16.285,0","16.287,5","16.257,5","","-0,15%"
"07/06/2024","16.190,0","16.240,0","16.245,0","16.190,0","","-0,40%"
"10/06/2024","16.275,0","16.265,0","16.295,5","16.247,5","","0,53%"
"11/06/2024","16.285,0","16.285,0","16.302,5","16.278,0","","0,06%"
"12/06/2024","16.290,0","16.297,5","16.305,5","16.287,5","","0,03%"
"13/06/2024","16.265,0","16.270,0","16.292,5","16.262,5","","-0,15%"
"14/06/2024","16.395,0","16.287,5","16.417,5","16.282,5","","0,80%"
"17/06/2024","16.486,0","16.486,5","16.489,7","16.404,9","","0,56%"
"18/06/2024","16.376,1","16.486,0","16.486,0","16.360,0","","-0,67%"
"19/06/2024","16.360,0","16.405,0","16.405,0","16.345,0","","-0,10%"
"20/06/2024","16.425,0","16.375,0","16.430,0","16.371,5","","0,40%"
"21/06/2024","16.445,0","16.465,0","16.482,5","16.440,0","","0,12%"
"24/06/2024","16.390,0","16.470,0","16.475,0","16.394,0","","-0,33%"
"25/06/2024","16.370,0","16.382,5","16.465,0","16.360,0","","-0,12%"
"26/06/2024","16.400,0","16.420,0","16.450,0","16.400,0","","0,18%"
"27/06/2024","16.395,0","16.410,0","16.432,5","16.392,5","","-0,03%"
"28/06/2024","16.370,0","16.410,0","16.422,5","16.375,0","","-0,15%"
"01/07/2024","16.320,0","16.352,5","16.412,5","16.315,0","","-0,31%"
"02/07/2024","16.390,0","16.355,0","16.402,5","16.347,5","","0,43%"
"03/07/2024","16.365,0","16.382,5","16.401,5","16.365,0","","-0,15%"
"04/07/2024","16.325,0","16.330,0","16.356,5","16.320,0","","-0,24%"
"05/07/2024","16.275,0","16.332,5","16.345,0","16.270,0","","-0,31%"
"08/07/2024","16.250,0","16.275,0","16.285,0","16.246,5","","-0,15%"
"09/07/2024","16.245,0","16.300,0","16.315,0","16.249,5","","-0,03%"
"10/07/2024","16.235,0","16.287,5","16.300,0","16.238,5","","-0,06%"
"11/07/2024","16.190,0","16.217,5","16.220,0","16.185,0","","-0,28%"
"12/07/2024","16.135,0","16.135,0","16.164,5","16.130,0","","-0,34%"
"15/07/2024","16.165,0","16.145,0","16.189,0","16.137,5","","0,19%"
"16/07/2024","16.175,0","16.200,0","16.252,5","16.179,5","","0,06%"
"17/07/2024","16.095,0","16.155,0","16.165,0","16.096,0","","-0,49%"
"18/07/2024","16.150,0","16.135,0","16.170,0","16.125,0","","0,34%"
"19/07/2024","16.185,0","16.195,0","16.225,0","16.175,0","","0,22%"
"22/07/2024","16.215,0","16.210,0","16.237,5","16.205,0","","0,19%"
"23/07/2024","16.205,0","16.215,0","16.222,5","16.185,0","","-0,06%"
"24/07/2024","16.210,0","16.220,0","16.232,5","16.210,0","","0,03%"
"25/07/2024","16.245,0","16.237,5","16.276,0","16.230,0","","0,22%"
"26/07/2024","16.285,0","16.287,5","16.302,5","16.267,5","","0,25%"
"29/07/2024","16.275,0","16.290,0","16.295,0","16.266,5","","-0,06%"
"30/07/2024","16.295,0","16.305,0","16.332,5","16.290,0","","0,12%"
"31/07/2024","16.255,0","16.305,0","16.323,0","16.259,0","","-0,25%"
"01/08/2024","16.230,0","16.255,0","16.270,0","16.210,0","","-0,15%"
"02/08/2024","16.195,0","16.260,0","16.281,5","16.194,5","","-0,22%"
"05/08/2024","16.180,0","16.180,0","16.197,5","16.122,5","","-0,09%"
"06/08/2024","16.160,0","16.210,0","16.215,0","16.165,0","","-0,12%"
"07/08/2024","16.030,0","16.160,0","16.177,5","16.021,5","","-0,80%"
"08/08/2024","15.890,0","16.005,0","16.012,5","15.894,0","","-0,87%"
"09/08/2024","15.920,0","15.937,5","15.945,0","15.884,0","","0,19%"
"12/08/2024","15.950,0","15.940,0","15.985,0","15.925,0","","0,19%"
"13/08/2024","15.830,0","15.935,0","15.962,5","15.824,5","","-0,75%"
"14/08/2024","15.675,0","15.725,0","15.737,5","15.665,0","","-0,98%"
"15/08/2024","15.690,0","15.615,0","15.720,0","15.615,0","","0,10%"
"16/08/2024","15.685,0","15.755,0","15.759,0","15.675,0","","-0,03%"
"19/08/2024","15.545,0","15.635,0","15.656,5","15.550,0","","-0,89%"
"20/08/2024","15.430,0","15.515,0","15.522,5","15.420,0","","-0,74%"
"21/08/2024","15.480,0","15.450,0","15.500,0","15.422,0","","0,32%"
"22/08/2024","15.595,0","15.505,0","15.642,5","15.505,0","","0,74%"
"23/08/2024","15.485,0","15.635,0","15.662,5","15.425,0","","-0,71%"
"26/08/2024","15.425,0","15.341,0","15.435,0","15.295,0","","-0,39%"
"27/08/2024","15.490,0","15.480,0","15.545,0","15.460,0","","0,42%"
"28/08/2024","15.420,0","15.517,5","15.532,5","15.420,0","","-0,45%"
"29/08/2024","15.410,0","15.420,0","15.447,5","15.367,5","","-0,06%"
"30/08/2024","15.450,0","15.450,0","15.490,0","15.437,5","","0,26%"
"02/09/2024","15.520,0","15.497,5","15.555,0","15.492,5","","0,45%"
"03/09/2024","15.520,0","15.547,5","15.583,5","15.522,5","","0,00%"
"04/09/2024","15.470,0","15.530,0","15.542,5","15.470,0","","-0,32%"
"05/09/2024","15.395,0","15.422,5","15.432,5","15.394,0","","-0,48%"
"06/09/2024","15.360,0","15.390,0","15.398,5","15.352,0","","-0,23%"
"09/09/2024","15.450,0","15.475,0","15.485,0","15.416,0","","0,59%"
"10/09/2024","15.445,0","15.475,0","15.485,0","15.431,5","","-0,03%"
"11/09/2024","15.395,0","15.440,0","15.440,0","15.395,0","","-0,32%"
"12/09/2024","15.425,0","15.415,0","15.446,5","15.400,0","","0,19%"
"13/09/2024","15.395,0","15.417,5","15.455,0","15.390,0","","-0,19%"
"16/09/2024","15.393,1","15.400,0","15.408,5","15.354,0","","-0,01%"
"17/09/2024","15.330,0","15.370,0","15.375,0","15.315,0","","-0,41%"
"18/09/2024","15.330,0","15.325,0","15.360,0","15.312,5","","0,00%"
"19/09/2024","15.230,0","15.345,0","15.357,5","15.232,5","","-0,65%"
"20/09/2024","15.145,0","15.130,0","15.152,5","15.070,0","","-0,56%"
"23/09/2024","15.195,0","15.145,0","15.212,5","15.137,5","","0,33%"
"24/09/2024","15.180,0","15.195,0","15.212,5","15.172,5","","-0,10%"
"25/09/2024","15.095,0","15.115,0","15.127,5","15.065,0","","-0,56%"
"26/09/2024","15.160,0","15.130,0","15.187,5","15.122,5","","0,43%"
"27/09/2024","15.120,0","15.100,0","15.160,0","15.082,5","","-0,26%"
"30/09/2024","15.135,0","15.125,0","15.192,5","15.109,0","","0,10%"
"01/10/2024","15.195,0","15.175,0","15.212,5","15.167,5","","0,40%"
"02/10/2024","15.260,0","15.200,0","15.285,0","15.200,0","","0,43%"
"03/10/2024","15.415,0","15.327,5","15.437,5","15.305,0","","1,02%"
"04/10/2024","15.480,0","15.495,0","15.532,5","15.467,5","","0,42%"
"07/10/2024","15.675,0","15.625,0","15.700,0","15.625,0","","1,26%"
"08/10/2024","15.640,0","15.685,0","15.701,5","15.625,0","","-0,22%"
"09/10/2024","15.615,0","15.625,0","15.640,0","15.580,0","","-0,16%"
"10/10/2024","15.660,0","15.655,0","15.677,5","15.632,5","","0,29%"
"11/10/2024","15.575,0","15.665,0","15.672,5","15.577,5","","-0,54%"
"14/10/2024","15.555,0","15.590,0","15.615,0","15.557,5","","-0,13%"
"15/10/2024","15.575,0","15.555,0","15.584,0","15.532,5","","0,13%"
"16/10/2024","15.505,0","15.545,0","15.561,0","15.507,5","","-0,45%"
"17/10/2024","15.490,0","15.545,0","15.555,0","15.485,0","","-0,10%"
"18/10/2024","15.460,0","15.515,0","15.522,5","15.443,5","","-0,19%"
"21/10/2024","15.490,0","15.460,0","15.502,5","15.425,0","","0,19%"
"22/10/2024","15.555,0","15.530,0","15.575,0","15.527,5","","0,42%"
"23/10/2024","15.615,0","15.595,0","15.636,0","15.586,0","","0,39%"
"24/10/2024","15.575,0","15.640,0","15.650,0","15.580,0","","-0,26%"
"25/10/2024","15.635,0","15.602,5","15.643,5","15.592,5","","0,39%"
"28/10/2024","15.720,0","15.695,0","15.740,0","15.687,5","","0,54%"
"29/10/2024","15.755,0","15.737,5","15.778,5","15.730,0","","0,22%"
"30/10/2024","15.690,0","15.752,5","15.755,0","15.695,0","","-0,41%"
"31/10/2024","15.690,0","15.700,0","15.715,0","15.680,0","","0,00%"
"01/11/2024","15.715,0","15.705,0","15.732,5","15.698,5","","0,16%"
"04/11/2024","15.750,0","15.735,0","15.776,0","15.717,5","","0,22%"
"05/11/2024","15.730,0","15.780,0","15.795,0","15.725,0","","-0,13%"
"06/11/2024","15.825,0","15.787,5","15.862,5","15.787,5","","0,60%"
"07/11/2024","15.730,0","15.815,0","15.830,0","15.735,0","","-0,60%"
"08/11/2024","15.665,0","15.625,0","15.697,5","15.617,5","","-0,41%"
"11/11/2024","15.675,0","15.640,0","15.691,0","15.632,5","","0,06%"
"12/11/2024","15.775,0","15.745,0","15.798,5","15.732,5","","0,64%"
"13/11/2024","15.770,0","15.765,0","15.797,5","15.752,5","","-0,03%"
"14/11/2024","15.850,0","15.820,0","15.892,5","15.817,5","","0,51%"
"15/11/2024","15.850,0","15.915,0","15.967,5","15.855,0","","0,00%"
"18/11/2024","15.845,0","15.865,0","15.877,5","15.830,0","","-0,03%"
"19/11/2024","15.825,0","15.810,0","15.837,5","15.790,0","","-0,13%"
"20/11/2024","15.860,0","15.845,0","15.875,0","15.830,0","","0,22%"
"21/11/2024","15.920,0","15.905,0","15.956,5","15.900,0","","0,38%"
"22/11/2024","15.870,0","15.930,0","15.937,5","15.875,0","","-0,31%"
"25/11/2024","15.865,0","15.880,0","15.887,5","15.846,5","","-0,03%"
"26/11/2024","15.925,0","15.912,5","15.939,5","15.895,0","","0,38%"
"27/11/2024","15.925,0","15.925,0","15.925,0","15.925,0","","0,00%"
"28/11/2024","15.865,0","15.875,0","15.891,5","15.840,0","","-0,38%"
"29/11/2024","15.840,0","15.865,0","15.877,5","15.835,0","","-0,16%"
"02/12/2024","15.895,0","15.870,0","15.917,5","15.865,0","","0,35%"
"03/12/2024","15.935,0","15.925,0","15.964,0","15.920,0","","0,25%"
"04/12/2024","15.925,0","15.955,0","15.977,5","15.925,0","","-0,06%"
"05/12/2024","15.855,0","15.912,5","15.927,5","15.859,5","","-0,44%"
"06/12/2024","15.845,0","15.860,0","15.862,5","15.832,5","","-0,06%"
"09/12/2024","15.860,0","15.855,0","15.877,5","15.832,5","","0,09%"
"10/12/2024","15.860,0","15.855,0","15.883,5","15.847,5","","0,00%"
"11/12/2024","15.910,0","15.880,0","15.922,5","15.877,0","","0,32%"
"12/12/2024","15.920,0","15.940,0","15.955,0","15.925,0","","0,06%"
"13/12/2024","15.990,0","15.965,0","16.002,5","15.955,0","","0,44%"
"16/12/2024","15.995,0","16.005,0","16.029,0","15.992,5","","0,03%"
"17/12/2024","16.060,0","16.020,0","16.071,5","16.012,5","","0,41%"
"18/12/2024","16.085,0","16.102,5","16.122,5","16.078,5","","0,16%"
"19/12/2024","16.285,0","16.205,0","16.305,0","16.185,0","","1,24%"
"20/12/2024","16.190,0","16.315,0","16.322,5","16.192,0","","-0,58%"
"23/12/2024","16.170,0","16.182,5","16.197,5","16.125,0","","-0,12%"
"24/12/2024","16.185,0","16.155,0","16.220,0","16.155,0","","0,09%"
"25/12/2024","16.185,0","16.185,0","16.185,0","16.185,0","","0,00%"
"26/12/2024","16.185,0","16.185,0","16.185,0","16.185,0","","0,00%"
"27/12/2024","16.230,0","16.207,5","16.260,0","16.205,0","","0,28%"
"30/12/2024","16.130,0","16.175,0","16.195,0","16.127,5","","-0,62%"
"31/12/2024","16.090,0","16.090,0","16.172,5","16.070,0","","-0,25%"
"01/01/2025","16.090,0","16.090,0","16.090,0","16.090,0","","0,00%"
"02/01/2025","16.190,0","16.200,0","16.262,5","16.174,5","","0,62%"
"03/01/2025","16.185,0","16.225,0","16.245,0","16.190,0","","-0,03%"
"06/01/2025","16.190,0","16.200,0","16.212,5","16.165,0","","0,03%"
"07/01/2025","16.125,0","16.175,0","16.195,0","16.127,5","","-0,40%"
"08/01/2025","16.190,0","16.167,5","16.215,0","16.157,5","","0,40%"
"09/01/2025","16.195,0","16.240,0","16.267,5","16.200,0","","0,03%"
"10/01/2025","16.180,0","16.212,5","16.215,0","16.170,0","","-0,09%"
"13/01/2025","16.270,0","16.247,5","16.292,5","16.232,5","","0,56%"
"14/01/2025","16.260,0","16.270,0","16.282,5","16.250,0","","-0,06%"
"15/01/2025","16.315,0","16.290,0","16.340,0","16.281,5","","0,34%"
"16/01/2025","16.355,0","16.355,0","16.390,0","16.347,5","","0,25%"
"17/01/2025","16.360,0","16.365,0","16.375,0","16.345,0","","0,03%"
"20/01/2025","16.355,0","16.365,0","16.387,5","16.347,5","","-0,03%"
"21/01/2025","16.330,0","16.310,0","16.347,5","16.290,0","","-0,15%"
"22/01/2025","16.280,0","16.305,0","16.341,0","16.280,0","","-0,31%"
"23/01/2025","16.275,0","16.265,0","16.317,5","16.237,5","","-0,03%"
"24/01/2025","16.170,0","16.260,0","16.260,0","16.150,0","","-0,65%"
"27/01/2025","16.170,0","16.170,0","16.170,0","16.170,0","","0,00%"
"28/01/2025","16.170,0","16.170,0","16.170,0","16.170,0","","0,00%"
"29/01/2025","16.170,0","16.170,0","16.170,0","16.170,0","","0,00%"
"30/01/2025","16.255,0","16.235,0","16.275,0","16.221,5","","0,53%"
"31/01/2025","16.295,0","16.280,0","16.322,5","16.280,0","","0,25%"
"03/02/2025","16.430,0","16.400,0","16.472,5","16.392,5","","0,83%"
"04/02/2025","16.340,0","16.370,0","16.382,5","16.345,0","","-0,55%"
"05/02/2025","16.280,0","16.315,0","16.335,0","16.285,0","","-0,37%"
"06/02/2025","16.325,0","16.292,5","16.345,0","16.287,0","","0,28%"
"07/02/2025","16.270,0","16.332,5","16.350,0","16.275,0","","-0,34%"
"10/02/2025","16.340,0","16.320,0","16.357,5","16.317,5","","0,43%"
"11/02/2025","16.370,0","16.367,5","16.390,0","16.355,0","","0,18%"
"12/02/2025","16.360,0","16.357,5","16.380,5","16.346,5","","-0,06%"
"13/02/2025","16.350,0","16.385,0","16.400,0","16.348,5","","-0,06%"
"14/02/2025","16.255,0","16.290,0","16.315,0","16.247,5","","-0,58%"
"17/02/2025","16.210,0","16.185,0","16.227,0","16.174,0","","-0,28%"
"18/02/2025","16.270,0","16.237,5","16.293,5","16.232,5","","0,37%"
"19/02/2025","16.330,0","16.320,0","16.372,5","16.307,5","","0,37%"
"20/02/2025","16.325,0","16.355,0","16.372,5","16.322,0","","-0,03%"
"21/02/2025","16.300,0","16.290,0","16.317,5","16.272,5","","-0,15%"
"24/02/2025","16.270,0","16.310,0","16.327,5","16.270,0","","-0,18%"
"25/02/2025","16.340,0","16.290,0","16.357,5","16.280,0","","0,43%"
"26/02/2025","16.365,0","16.352,5","16.410,0","16.287,5","","0,15%"
"27/02/2025","16.445,0","16.390,0","16.455,0","16.390,0","","0,49%"
"28/02/2025","16.575,0","16.535,0","16.592,5","16.515,0","","0,79%"
"03/03/2025","16.475,0","16.540,0","16.545,0","16.475,0","","-0,60%"
"04/03/2025","16.440,0","16.450,0","16.467,5","16.425,0","","-0,21%"
"05/03/2025","16.310,0","16.410,0","16.437,5","16.307,5","","-0,79%"
"06/03/2025","16.325,0","16.275,0","16.345,0","16.260,0","","0,09%"
"07/03/2025","16.290,0","16.335,0","16.360,0","16.292,0","","-0,21%"
"10/03/2025","16.335,0","16.295,0","16.355,0","16.285,0","","0,28%"
"11/03/2025","16.400,0","16.385,0","16.451,0","16.377,5","","0,40%"
"12/03/2025","16.440,0","16.440,0","16.465,0","16.430,0","","0,24%"
"13/03/2025","16.420,0","16.465,0","16.467,5","16.400,0","","-0,12%"
"14/03/2025","16.345,0","16.405,0","16.417,5","16.347,5","","-0,46%"
"17/03/2025","16.395,0","16.325,0","16.402,5","16.315,0","","0,31%"
"18/03/2025","16.420,0","16.400,0","16.477,5","16.386,5","","0,15%"
"19/03/2025","16.520,0","16.500,0","16.537,5","16.485,0","","0,61%"
"20/03/2025","16.470,0","16.530,0","16.537,5","16.460,0","","-0,30%"
"21/03/2025","16.495,0","16.497,5","16.516,5","16.475,0","","0,15%"
"24/03/2025","16.550,0","16.495,0","16.570,0","16.495,0","","0,33%"
"25/03/2025","16.590,0","16.597,5","16.645,0","16.587,5","","0,24%"
"26/03/2025","16.575,0","16.605,0","16.615,0","16.560,0","","-0,09%"
"27/03/2025","16.555,0","16.610,0","16.615,0","16.541,5","","-0,12%"
"28/03/2025","16.555,0","16.555,0","16.555,0","16.555,0","","0,00%"
"31/03/2025","16.555,0","16.555,0","16.555,0","16.555,0","","0,00%"
"01/04/2025","16.555,0","16.555,0","16.555,0","16.555,0","","0,00%"
"02/04/2025","16.555,0","16.555,0","16.555,0","16.555,0","","0,00%"
"03/04/2025","16.555,0","16.555,0","16.555,0","16.555,0","","0,00%"
"04/04/2025","16.555,0","16.555,0","16.555,0","16.555,0","","0,00%"
"07/04/2025","16.555,0","16.555,0","16.555,0","16.555,0","","0,00%"
"08/04/2025","16.860,0","16.852,5","16.874,0","16.825,0","","1,84%"
"09/04/2025","16.860,0","16.925,0","16.972,5","16.862,5","","0,00%"
"10/04/2025","16.795,0","16.815,0","16.815,0","16.727,5","","-0,39%"
"11/04/2025","16.790,0","16.797,5","16.820,0","16.765,0","","-0,03%"
"14/04/2025","16.770,0","16.787,5","16.793,5","16.750,0","","-0,12%"
"15/04/2025","16.810,0","16.782,5","16.825,0","16.770,0","","0,24%"
"16/04/2025","16.820,0","16.815,0","16.855,0","16.815,0","","0,06%"
"17/04/2025","16.820,0","16.830,0","16.845,0","16.802,5","","0,00%"
"18/04/2025","16.820,0","16.820,0","16.820,0","16.820,0","","0,00%"
"21/04/2025","16.800,0","16.825,0","16.837,5","16.795,0","","-0,12%"
"22/04/2025","16.855,0","16.835,0","16.867,5","16.835,0","","0,33%"
"23/04/2025","16.865,0","16.870,0","16.887,5","16.855,0","","0,06%"
"24/04/2025","16.870,0","16.867,5","16.887,5","16.862,5","","0,03%"
"25/04/2025","16.830,0","16.825,0","16.842,5","16.807,5","","-0,24%"
"28/04/2025","16.855,0","16.835,0","16.867,0","16.830,0","","0,15%"
"29/04/2025","16.760,0","16.810,0","16.815,0","16.759,5","","-0,56%"
"30/04/2025","16.600,0","16.715,0","16.742,5","16.597,5","","-0,95%"
"01/05/2025","16.600,0","16.600,0","16.600,0","16.600,0","","0,00%"
"02/05/2025","16.435,0","16.615,0","16.615,0","16.424,5","","-0,99%"
"05/05/2025","16.435,0","16.410,0","16.460,0","16.375,0","","0,00%"
"06/05/2025","16.450,0","16.465,0","16.492,5","16.435,0","","0,09%"
"07/05/2025","16.535,0","16.470,0","16.545,0","16.465,0","","0,52%"
"08/05/2025","16.494,0","16.550,0","16.577,5","16.432,5","","-0,25%"
"09/05/2025","16.515,0","16.537,5","16.565,0","16.500,0","","0,13%"
"12/05/2025","16.515,0","16.515,0","16.515,0","16.515,0","","0,00%"
"13/05/2025","16.515,0","16.515,0","16.515,0","16.515,0","","0,00%"
"14/05/2025","16.550,0","16.560,0","16.592,5","16.536,5","","0,21%"
"15/05/2025","16.515,0","16.555,0","16.572,5","16.502,5","","-0,21%"
"16/05/2025","16.440,0","16.470,0","16.495,0","16.392,5","","-0,45%"
"19/05/2025","16.430,0","16.465,0","16.480,0","16.425,0","","-0,06%"
"20/05/2025","16.415,0","16.420,0","16.429,0","16.380,0","","-0,09%"
"21/05/2025","16.395,0","16.412,5","16.425,0","16.357,5","","-0,12%"
"22/05/2025","16.330,0","16.332,5","16.342,5","16.285,0","","-0,40%"
"23/05/2025","16.217,5","16.320,0","16.330,5","16.215,0","","-0,69%"
"26/05/2025","16.240,0","16.185,0","16.245,0","16.155,0","","0,14%"
"27/05/2025","16.272,5","16.245,0","16.281,0","16.225,0","","0,20%"
"28/05/2025","16.290,0","16.287,5","16.312,5","16.275,0","","0,11%"
"29/05/2025","16.290,0","16.290,0","16.290,0","16.290,0","","0,00%"
"30/05/2025","16.290,0","16.290,0","16.290,0","16.290,0","","0,00%"
"02/06/2025","16.245,0","16.320,0","16.337,5","16.245,0","","-0,28%"
"03/06/2025","16.285,0","16.275,0","16.312,5","16.257,0","","0,25%"
"04/06/2025","16.290,0","16.302,5","16.317,5","16.287,0","","0,03%"
"05/06/2025","16.275,0","16.275,0","16.292,5","16.257,5","","-0,09%"
"06/06/2025","16.275,0","16.275,0","16.275,0","16.275,0","","0,00%"
"09/06/2025","16.275,0","16.275,0","16.275,0","16.275,0","","0,00%"
"10/06/2025","16.270,0","16.270,0","16.290,0","16.259,5","","-0,03%"
"11/06/2025","16.255,0","16.270,0","16.272,5","16.254,5","","-0,09%"
"12/06/2025","16.235,0","16.245,0","16.257,5","16.215,0","","-0,12%"
"13/06/2025","16.295,0","16.265,0","16.312,5","16.257,5","","0,37%"
"16/06/2025","16.265,0","16.307,5","16.317,5","16.264,5","","-0,18%"
"17/06/2025","16.280,0","16.297,5","16.307,5","16.259,5","","0,09%"
"18/06/2025","16.300,0","16.310,0","16.330,0","16.295,0","","0,12%"
"19/06/2025","16.395,0","16.350,0","16.412,5","16.342,0","","0,58%"
"20/06/2025","16.385,0","16.372,5","16.412,5","16.362,5","","-0,06%"
"23/06/2025","16.485,0","16.355,0","16.497,5","16.355,0","","0,61%"
"24/06/2025","16.350,0","16.375,0","16.397,5","16.340,0","","-0,82%"
"25/06/2025","16.290,0","16.272,5","16.302,5","16.255,0","","-0,37%"
"26/06/2025","16.204,0","16.295,0","16.295,0","16.192,5","","-0,53%"
"27/06/2025","16.204,0","16.204,0","16.204,0","16.204,0","","0,00%"
"30/06/2025","16.235,0","16.212,5","16.257,5","16.190,0","","0,19%"
"01/07/2025","16.190,0","16.170,0","16.214,0","16.162,5","","-0,28%"
"02/07/2025","16.240,0","16.202,5","16.248,5","16.200,0","","0,31%"
"03/07/2025","16.190,0","16.205,0","16.225,0","16.187,5","","-0,31%"
"04/07/2025","16.185,0","16.222,5","16.237,5","16.175,0","","-0,03%"
"07/07/2025","16.230,0","16.210,0","16.244,0","16.207,5","","0,28%"
"08/07/2025","16.205,0","16.270,0","16.277,5","16.205,0","","-0,15%"
"09/07/2025","16.242,5","16.250,0","16.265,0","16.235,0","","0,23%"
"10/07/2025","16.220,0","16.245,0","16.245,0","16.205,0","","-0,14%"
"11/07/2025","16.210,0","16.227,5","16.235,0","16.209,0","","-0,06%"
"14/07/2025","16.245,0","16.225,0","16.262,0","16.220,0","","0,22%"
"15/07/2025","16.260,0","16.267,5","16.296,0","16.255,0","","0,09%"
"16/07/2025","16.270,0","16.265,0","16.297,5","16.247,5","","0,06%"
"17/07/2025","16.330,0","16.290,0","16.342,5","16.285,0","","0,37%"
"18/07/2025","16.290,0","16.325,0","16.325,0","16.287,0","","-0,24%"
"21/07/2025","16.310,0","16.315,0","16.339,0","16.305,0","","0,12%"
"22/07/2025","16.310,0","16.312,5","16.320,0","16.288,5","","0,00%"
"23/07/2025","16.290,0","16.275,0","16.306,5","16.267,5","","-0,12%"
"24/07/2025","16.285,0","16.270,0","16.295,5","16.257,5","","-0,03%"
"25/07/2025","16.315,0","16.327,5","16.336,0","16.310,0","","0,18%"
"28/07/2025","16.340,0","16.325,0","16.355,0","16.320,0","","0,15%"
"29/07/2025","16.394,5","16.375,0","16.411,5","16.372,5","","0,33%"
"30/07/2025","16.390,0","16.362,5","16.400,5","16.360,0","","-0,03%"
"31/07/2025","16.455,0","16.437,5","16.466,0","16.430,0","","0,40%"
"01/08/2025","16.490,0","16.512,5","16.515,0","16.476,5","","0,21%"
"04/08/2025","16.390,0","16.425,0","16.425,0","16.372,5","","-0,61%"
"05/08/2025","16.380,0","16.370,0","16.396,5","16.362,5","","-0,06%"
"06/08/2025","16.360,0","16.390,0","16.395,0","16.359,0","","-0,12%"
"07/08/2025","16.290,0","16.325,0","16.337,5","16.285,0","","-0,43%"
"08/08/2025","16.290,0","16.305,0","16.332,5","16.275,0","","0,00%"
"11/08/2025","16.270,0","16.252,5","16.278,5","16.230,0","","-0,12%"
"12/08/2025","16.285,0","16.280,0","16.349,0","16.277,5","","0,09%"
"13/08/2025","16.194,0","16.260,0","16.270,0","16.193,5","","-0,56%"
"14/08/2025","16.110,5","16.110,0","16.130,0","16.085,0","","-0,52%"
"15/08/2025","16.160,0","16.150,0","16.171,5","16.139,5","","0,31%"
"18/08/2025","16.160,0","16.160,0","16.160,0","16.160,0","","0,00%"
"19/08/2025","16.240,0","16.220,0","16.291,5","16.215,0","","0,50%"
"20/08/2025","16.267,5","16.290,0","16.322,5","16.265,0","","0,17%"
"21/08/2025","16.285,0","16.270,0","16.295,0","16.267,0","","0,11%"
"22/08/2025","16.340,0","16.322,5","16.361,0","16.310,0","","0,34%"
"25/08/2025","16.254,5","16.245,0","16.267,5","16.236,5","","-0,52%"
"26/08/2025","16.294,5","16.265,0","16.305,0","16.254,0","","0,25%"
"27/08/2025","16.360,0","16.320,0","16.372,5","16.315,0","","0,40%"
"28/08/2025","16.345,0","16.355,0","16.379,0","16.330,0","","-0,09%"
"29/08/2025","16.490,0","16.350,0","16.500,0","16.350,0","","0,89%"
"01/09/2025","16.415,0","16.475,0","16.502,5","16.410,0","","-0,45%"
"02/09/2025","16.400,0","16.430,0","16.450,0","16.387,5","","-0,09%"
"03/09/2025","16.414,5","16.435,0","16.445,0","16.410,0","","0,09%"
"04/09/2025","16.420,0","16.445,0","16.457,5","16.417,5","","0,03%"
"05/09/2025","16.420,0","16.420,0","16.420,0","16.420,0","","0,00%"
"08/09/2025","16.304,0","16.385,0","16.392,5","16.294,0","","-0,71%"
"09/09/2025","16.475,0","16.460,0","16.502,5","16.410,0","","1,05%"
"10/09/2025","16.460,0","16.467,5","16.477,5","16.439,0","","-0,09%"
"11/09/2025","16.460,0","16.450,0","16.476,5","16.437,5","","0,00%"
"12/09/2025","16.377,5","16.422,5","16.437,5","16.370,0","","-0,50%"
"15/09/2025","16.410,0","16.418,5","16.436,0","16.385,0","","0,20%"
"16/09/2025","16.440,0","16.385,0","16.445,0","16.360,5","","0,18%"
"17/09/2025","16.430,0","16.415,0","16.450,0","16.406,5","","-0,06%"
"18/09/2025","16.505,0","16.455,0","16.525,0","16.455,0","","0,46%"
"19/09/2025","16.590,0","16.565,0","16.590,0","16.548,5","","0,51%"
"22/09/2025","16.605,0","16.625,0","16.642,5","16.578,5","","0,09%"
"23/09/2025","16.665,0","16.585,0","16.672,5","16.582,5","","0,36%"
"24/09/2025","16.675,0","16.685,0","16.695,0","16.660,0","","0,06%"
"25/09/2025","16.740,0","16.715,0","16.766,0","16.700,0","","0,39%"
"26/09/2025","16.730,0","16.770,0","16.800,0","16.727,5","","-0,06%"
"29/09/2025","16.670,0","16.660,0","16.687,5","16.640,0","","-0,36%"
"30/09/2025","16.665,0","16.675,0","16.700,0","16.660,0","","-0,03%"
"01/10/2025","16.605,0","16.660,0","16.705,5","16.605,0","","-0,36%"
"02/10/2025","16.585,0","16.597,5","16.622,5","16.582,5","","-0,12%"
"03/10/2025","16.535,0","16.615,0","16.630,0","16.529,0","","-0,30%"
"06/10/2025","16.550,0","16.557,5","16.610,0","16.542,5","","0,09%"
"07/10/2025","16.540,0","16.580,0","16.600,0","16.525,0","","-0,06%"
"08/10/2025","16.560,0","16.610,0","16.624,0","16.557,5","","0,12%"
"09/10/2025","16.545,0","16.555,0","16.567,5","16.509,5","","-0,09%"
"10/10/2025","16.550,0","16.577,5","16.597,5","16.550,0","","0,03%"
"13/10/2025","16.560,0","16.580,0","16.592,5","16.557,5","","0,06%"
"14/10/2025","16.575,0","16.560,0","16.595,0","16.549,5","","0,09%"
"15/10/2025","16.565,0","16.590,0","16.595,0","16.563,5","","-0,06%"
"16/10/2025","16.570,0","16.570,0","16.587,5","16.560,0","","0,03%"
"17/10/2025","16.580,0","16.580,0","16.595,0","16.577,5","","0,06%"
"20/10/2025","16.575,0","16.575,0","16.595,0","16.554,0","","-0,03%"
"21/10/2025","16.590,0","16.570,0","16.597,5","16.565,0","","0,09%"
"22/10/2025","16.575,0","16.605,0","16.627,5","16.575,0","","-0,09%"
"23/10/2025","16.620,0","16.610,0","16.652,5","16.605,0","","0,27%"
"24/10/2025","16.595,0","16.624,0","16.643,0","16.595,0","","-0,15%"
"27/10/2025","16.615,0","16.600,0","16.642,5","16.592,5","","0,12%"
"28/10/2025","16.605,0","16.625,0","16.634,0","16.605,0","","-0,06%"
"29/10/2025","16.615,0","16.607,5","16.635,5","16.605,0","","0,06%"
"30/10/2025","16.640,0","16.605,0","16.650,0","16.605,0","","0,15%"
"31/10/2025","16.630,0","16.622,5","16.637,5","16.600,0","","-0,06%"
"03/11/2025","16.655,0","16.635,0","16.673,5","16.627,5","","0,15%"
"04/11/2025","16.697,0","16.710,0","16.734,0","16.694,5","","0,25%"
"05/11/2025","16.705,0","16.730,0","16.745,0","16.702,5","","0,05%"
"06/11/2025","16.694,0","16.700,0","16.716,0","16.683,5","","-0,07%"
"07/11/2025","16.684,5","16.717,5","16.725,0","16.680,0","","-0,06%"
"10/11/2025","16.650,0","16.670,0","16.682,5","16.645,0","","-0,21%"
"11/11/2025","16.685,0","16.705,0","16.712,5","16.682,5","","0,21%"
"12/11/2025","16.697,0","16.700,0","16.727,5","16.684,5","","0,07%"
"13/11/2025","16.725,0","16.725,0","16.738,5","16.717,5","","0,17%"
"14/11/2025","16.694,0","16.705,0","16.717,5","16.694,0","","-0,19%"
"17/11/2025","16.725,0","16.712,5","16.738,0","16.710,0","","0,19%"
"18/11/2025","16.740,0","16.740,0","16.765,0","16.732,5","","0,09%"
"19/11/2025","16.692,5","16.740,0","16.757,5","16.687,5","","-0,28%"
"20/11/2025","16.730,0","16.740,0","16.755,0","16.725,0","","0,22%"
"21/11/2025","16.694,0","16.740,0","16.741,0","16.694,0","","-0,22%"
"24/11/2025","16.692,5","16.710,0","16.720,0","16.692,5","","-0,01%"
"25/11/2025","16.660,0","16.670,0","16.688,5","16.655,0","","-0,19%"
"26/11/2025","16.660,0","16.647,5","16.682,5","16.640,0","","0,00%"
"27/11/2025","16.640,0","16.630,0","16.652,5","16.620,0","","-0,12%"
"28/11/2025","16.655,0","16.637,5","16.670,0","16.632,5","","0,09%"
"01/12/2025","16.655,0","16.660,0","16.675,0","16.650,0","","0,00%"
"02/12/2025","16.620,0","16.632,5","16.647,5","16.615,0","","-0,21%"
"03/12/2025","16.620,0","16.625,0","16.637,5","16.617,5","","0,00%"
"04/12/2025","16.645,0","16.630,0","16.655,5","16.626,5","","0,15%"
"05/12/2025","16.640,0","16.655,0","16.667,5","16.640,0","","-0,03%"
"08/12/2025","16.690,0","16.660,0","16.696,5","16.650,0","","0,30%"
"09/12/2025","16.665,0","16.690,0","16.697,5","16.659,5","","-0,15%"
"10/12/2025","16.685,0","16.685,0","16.696,5","16.676,0","","0,12%"
"11/12/2025","16.670,0","16.655,0","16.682,5","16.639,0","","-0,09%"
"12/12/2025","16.640,0","16.647,5","16.675,0","16.627,5","","-0,18%"
"15/12/2025","16.665,0","16.640,0","16.673,5","16.640,0","","0,15%"
"16/12/2025","16.690,0","16.672,5","16.695,0","16.670,0","","0,15%"
"17/12/2025","16.685,0","16.675,0","16.710,0","16.665,0","","-0,03%"
"18/12/2025","16.715,0","16.702,5","16.732,5","16.695,0","","0,18%"
"19/12/2025","16.740,0","16.715,0","16.750,0","16.706,5","","0,15%"
"22/12/2025","16.770,0","16.737,5","16.785,0","16.737,5","","0,18%"
"23/12/2025","16.770,0","16.755,0","16.800,0","16.745,0","","0,00%"
"24/12/2025","16.755,0","16.770,0","16.782,5","16.749,0","","-0,09%"
"25/12/2025","16.755,0","16.755,0","16.755,0","16.755,0","","0,00%"
"26/12/2025","16.755,0","16.755,0","16.755,0","16.755,0","","0,00%"
"29/12/2025","16.785,0","16.760,0","16.795,0","16.757,5","","0,18%"
"30/12/2025","16.760,0","16.780,0","16.789,0","16.760,0","","-0,15%"
"31/12/2025","16.675,0","16.715,0","16.742,5","16.675,0","","-0,51%"
"01/01/2026","16.675,0","16.675,0","16.675,0","16.675,0","","0,00%"
"02/01/2026","16.720,0","16.695,0","16.734,0","16.690,0","","0,27%"
"05/01/2026","16.740,0","16.715,0","16.762,5","16.712,5","","0,12%"
"06/01/2026","16.750,0","16.745,0","16.769,0","16.730,0","","0,06%"
"07/01/2026","16.775,0","16.760,0","16.790,5","16.755,0","","0,15%"
"08/01/2026","16.790,0","16.787,5","16.805,0","16.785,0","","0,09%"
"09/01/2026","16.800,0","16.830,0","16.846,5","16.800,0","","0,06%"
"12/01/2026","16.830,0","16.837,5","16.858,5","16.830,0","","0,18%"
"13/01/2026","16.865,0","16.845,0","16.881,5","16.845,0","","0,21%"
"14/01/2026","16.860,0","16.865,0","16.876,0","16.856,5","","-0,03%"
"15/01/2026","16.885,0","16.835,0","16.894,5","16.830,0","","0,15%"
"16/01/2026","16.885,0","16.885,0","16.885,0","16.885,0","","0,00%"
"19/01/2026","16.940,0","16.875,0","16.952,5","16.875,0","","0,33%"
"20/01/2026","16.950,0","16.970,0","16.987,5","16.947,5","","0,06%"
"21/01/2026","16.935,0","16.945,0","16.971,0","16.930,0","","-0,09%"
"22/01/2026","16.885,0","16.925,0","16.935,0","16.796,5","","-0,30%"
"23/01/2026","16.815,0","16.825,0","16.849,0","16.810,0","","-0,41%"
"26/01/2026","16.775,0","16.795,0","16.802,5","16.755,0","","-0,24%"
"27/01/2026","16.765,0","16.777,5","16.812,5","16.765,0","","-0,06%"
"28/01/2026","16.705,0","16.720,0","16.745,0","16.680,0","","-0,36%"
"29/01/2026","16.747,5","16.750,0","16.805,0","16.745,0","","0,25%"
"30/01/2026","16.785,0","16.795,0","16.815,0","16.777,5","","0,22%"
"02/02/2026","16.790,0","16.790,0","16.812,5","16.763,5","","0,03%"
"03/02/2026","16.760,0","16.760,0","16.786,5","16.757,5","","-0,18%"
"04/02/2026","16.770,0","16.765,0","16.777,5","16.757,5","","0,06%"
"05/02/2026","16.830,0","16.785,0","16.834,0","16.782,5","","0,36%"
"06/02/2026","16.865,0","16.872,5","16.894,0","16.860,0","","0,21%"
"09/02/2026","16.800,0","16.865,0","16.872,5","16.799,0","","-0,39%"
"10/02/2026","16.795,0","16.795,0","16.852,5","16.773,0","","-0,03%"
"11/02/2026","16.780,0","16.775,0","16.794,0","16.759,0","","-0,09%"
"12/02/2026","16.815,0","16.800,0","16.832,5","16.800,0","","0,21%"
"13/02/2026","16.830,0","16.820,0","16.855,0","16.817,5","","0,09%"
"16/02/2026","16.830,0","16.830,0","16.830,0","16.830,0","","0,00%"
"17/02/2026","16.830,0","16.830,0","16.830,0","16.830,0","","0,00%"
"18/02/2026","16.880,0","16.845,0","16.893,5","16.837,5","","0,30%"
"19/02/2026","16.875,0","16.890,0","16.936,5","16.875,0","","-0,03%"
"20/02/2026","16.865,0","16.882,5","16.946,0","16.855,0","","-0,06%"
"23/02/2026","16.790,0","16.865,0","16.865,0","16.790,0","","-0,44%"
"24/02/2026","16.820,0","16.820,0","16.839,5","16.812,5","","0,18%"
"25/02/2026","16.785,0","16.840,0","16.852,5","16.784,0","","-0,21%"
"26/02/2026","16.755,0","16.757,5","16.781,0","16.732,5","","-0,18%"
"27/02/2026","16.765,0","16.767,5","16.788,5","16.761,5","","0,06%"
"02/03/2026","16.860,0","16.822,5","16.867,5","16.814,5","","0,57%"
"03/03/2026","16.855,0","16.860,0","16.885,0","16.844,0","","-0,03%"
"04/03/2026","16.885,0","16.920,0","16.932,5","16.885,0","","0,18%"
"05/03/2026","16.880,0","16.902,5","16.907,5","16.855,0","","-0,03%"
"06/03/2026","16.905,0","16.917,5","16.932,5","16.902,5","","0,15%"
"09/03/2026","16.940,0","16.990,0","16.995,0","16.937,5","","0,21%"
"10/03/2026","16.857,5","16.865,0","16.895,0","16.842,5","","-0,49%"
"11/03/2026","16.870,0","16.840,0","16.872,5","16.835,0","","0,07%"
"12/03/2026","16.890,0","16.900,0","16.909,0","16.878,0","","0,12%"
"13/03/2026","16.940,0","16.907,5","16.946,0","16.897,5","","0,30%"
"16/03/2026","16.990,0","16.950,0","16.997,5","16.950,0","","0,30%"
"17/03/2026","16.980,0","16.977,5","16.992,5","16.960,0","","-0,06%"
"18/03/2026","16.980,0","16.980,0","16.980,0","16.980,0","","0,00%"
"19/03/2026","16.980,0","16.980,0","16.980,0","16.980,0","","0,00%"
"20/03/2026","16.980,0","16.980,0","16.980,0","16.980,0","","0,00%"
"23/03/2026","16.980,0","16.980,0","16.980,0","16.980,0","","0,00%"
"24/03/2026","16.980,0","16.980,0","16.980,0","16.980,0","","0,00%"
"25/03/2026","16.910,0","16.915,0","16.925,0","16.870,0","","-0,41%"
"26/03/2026","16.900,0","16.885,0","16.907,5","16.880,0","","-0,06%"
"27/03/2026","16.965,0","16.922,5","16.974,0","16.922,5","","0,38%"
"30/03/2026","16.990,0","16.985,0","16.996,5","16.977,5","","0,15%"
"31/03/2026","16.994,5","16.985,0","16.999,0","16.985,0","","0,03%"
"01/04/2026","16.980,0","16.992,0","17.031,0","16.957,5","","-0,09%"
"02/04/2026","16.994,5","16.990,0","17.027,5","16.980,0","","0,09%"
"03/04/2026","16.994,5","16.994,5","16.994,5","16.994,5","","0,00%"
"06/04/2026","17.035,0","17.000,0","17.047,5","16.992,5","","0,24%"
"07/04/2026","17.094,5","17.052,5","17.107,5","17.052,5","","0,35%"
"08/04/2026","17.010,0","16.985,0","17.025,5","16.980,0","","-0,49%"
"09/04/2026","17.085,0","17.040,0","17.100,0","17.027,5","","0,44%"
"10/04/2026","17.090,0","17.080,0","17.122,5","17.076,5","","0,03%"
"13/04/2026","17.100,0","17.125,0","17.142,5","17.100,0","","0,06%"
"14/04/2026","17.115,0","17.125,0","17.144,0","17.115,0","","0,09%"
"15/04/2026","17.135,0","17.117,5","17.147,5","17.110,0","","0,12%"
"16/04/2026","17.130,0","17.137,5","17.155,0","17.113,5","","-0,03%"
"17/04/2026","17.185,0","17.155,0","17.195,0","17.152,5","","0,32%"
"20/04/2026","17.170,0","17.160,0","17.187,5","17.140,0","","-0,09%"
"21/04/2026","17.144,0","17.145,0","17.155,5","17.117,5","","-0,15%"
"22/04/2026","17.175,0","17.155,0","17.187,5","17.147,5","","0,18%"
"23/04/2026","17.285,0","17.225,0","17.322,5","17.225,0","","0,64%"
"24/04/2026","17.192,5","17.275,0","17.294,0","17.192,5","","-0,54%"
"27/04/2026","17.190,0","17.210,0","17.237,5","17.187,5","","-0,01%"
"28/04/2026","17.215,0","17.212,5","17.249,0","17.202,5","","0,15%"
"29/04/2026","17.280,0","17.277,5","17.337,5","17.267,5","","0,38%"
"30/04/2026","17.310,0","17.350,0","17.387,5","17.307,5","","0,17%"
"01/05/2026","17.310,0","17.310,0","17.310,0","17.310,0","","0,00%"
"04/05/2026","17.370,0","17.325,0","17.390,0","17.325,0","","0,35%"
"05/05/2026","17.415,0","17.390,0","17.447,5","17.390,0","","0,26%"
"06/05/2026","17.385,0","17.375,0","17.420,0","17.361,0","","-0,17%"
"07/05/2026","17.335,0","17.320,0","17.378,5","17.320,0","","-0,29%"
"08/05/2026","17.365,0","17.350,0","17.391,5","17.347,5","","0,17%"
"11/05/2026","17.410,0","17.382,5","17.424,0","17.382,5","","0,26%"
"12/05/2026","17.494,5","17.485,0","17.529,0","17.480,0","","0,49%"
"13/05/2026","17.465,0","17.510,0","17.537,5","17.445,0","","-0,17%"
"14/05/2026","17.465,0","17.465,0","17.465,0","17.465,0","","0,00%"
"15/05/2026","17.465,0","17.465,0","17.465,0","17.465,0","","0,00%"
"18/05/2026","17.645,0","17.640,0","17.672,5","17.595,0","","1,03%"
"19/05/2026","17.700,0","17.675,0","17.735,0","17.670,0","","0,31%"
"20/05/2026","17.605,0","17.755,0","17.762,5","17.605,0","","-0,54%"
"21/05/2026","17.645,0","17.640,0","17.727,5","17.625,0","","0,23%"
"22/05/2026","17.695,0","17.680,0","17.727,5","17.677,5","","0,28%"
"25/05/2026","17.735,0","17.705,0","17.755,0","17.700,0","","0,23%"
"26/05/2026","17.780,0","17.740,0","17.800,0","17.740,0","","0,25%"
"27/05/2026","17.780,0","17.780,0","17.780,0","17.780,0","","0,00%"
"28/05/2026","17.780,0","17.780,0","17.780,0","17.780,0","","0,00%"
"29/05/2026","17.870,0","17.820,0","17.892,0","17.820,0","","0,51%"
"01/06/2026","17.870,0","17.870,0","17.870,0","17.870,0","","0,00%"
"02/06/2026","17.835,0","17.865,0","17.894,5","17.822,5","","-0,20%"
"03/06/2026","17.945,0","17.877,5","17.960,0","17.875,0","","0,62%"
"04/06/2026","18.025,0","17.980,0","18.050,0","17.980,0","","0,45%"
"05/06/2026","18.015,0","18.065,0","18.065,0","18.007,5","","-0,06%"
"08/06/2026","18.175,0","18.090,0","18.197,5","18.080,0","","0,89%"
"09/06/2026","18.055,0","18.155,0","18.190,0","18.032,5","","-0,66%"
"10/06/2026","17.952,5","17.882,5","18.005,0","17.882,5","","-0,57%"
"11/06/2026","17.980,0","17.930,0","18.001,5","17.930,0","","0,15%"
"12/06/2026","17.870,0","17.925,0","17.965,5","17.850,0","","-0,61%"
"15/06/2026","17.694,5","17.765,0","17.780,0","17.675,0","","-0,98%"
"16/06/2026","17.694,5","17.694,5","17.694,5","17.694,5","","0,00%"
"17/06/2026","17.735,0","17.742,5","17.762,5","17.727,5","","0,23%"
"18/06/2026","17.705,0","17.850,0","17.881,0","17.705,0","","-0,17%"
"19/06/2026","17.780,0","17.840,0","17.855,0","17.780,0","","0,42%"
"22/06/2026","17.830,0","17.805,0","17.836,5","17.777,5","","0,28%"
"23/06/2026","17.840,0","17.865,0","17.875,0","17.840,0","","0,06%"
"24/06/2026","17.930,0","17.920,0","17.960,0","17.917,5","","0,50%"
"25/06/2026","17.920,0","17.960,0","17.972,5","17.917,5","","-0,06%"
"26/06/2026","17.910,0","17.965,0","17.987,5","17.910,0","","-0,06%"
"29/06/2026","17.840,0","17.880,0","17.885,0","17.832,5","","-0,39%"
"30/06/2026","17.880,0","17.875,0","17.909,0","17.867,5","","0,22%"
"01/07/2026","17.935,0","17.965,0","17.982,5","17.935,0","","0,31%"
"02/07/2026","17.993,0","17.972,5","18.002,0","17.968,5","","0,32%"
"03/07/2026","17.950,0","17.950,0","17.967,5","17.937,5","","-0,24%"
"06/07/2026","17.990,0","17.977,5","18.011,5","17.977,5","","0,22%"
"07/07/2026","17.975,0","17.990,0","18.000,0","17.974,0","","-0,08%"
"08/07/2026","17.994,0","17.977,5","18.016,0","17.977,5","","0,11%"
"09/07/2026","18.075,0","18.075,0","18.097,5","18.060,0","","0,45%"
"10/07/2026","18.050,0","18.080,0","18.087,5","18.050,0","","-0,14%"
"13/07/2026","18.105,0","18.082,5","18.142,5","18.082,5","","0,30%"
"14/07/2026","18.085,0","18.105,0","18.109,0","18.077,5","","-0,11%"
"15/07/2026","18.065,0","18.075,0","18.088,5","18.045,0","","-0,11%"
"16/07/2026","17.985,0","18.065,0","18.080,0","17.977,5","","-0,44%"
"17/07/2026","17.890,0","17.985,0","17.990,0","17.890,0","","-0,53%"
"20/07/2026","17.935,0","17.975,0","17.995,5","17.935,0","","0,25%"
"21/07/2026","17.885,0","17.935,0","17.952,5","17.867,5","","-0,28%"
"22/07/2026","17.880,0","17.930,0","17.937,5","17.875,0","","-0,03%"
"23/07/2026","17.895,0","17.930,0","17.939,0","17.885,0","","0,08%"
"24/07/2026","17.940,0","17.945,0","17.981,5","17.932,5","","0,25%"
"27/07/2026","18.005,0","17.970,0","18.010,0","17.959,5","","0,36%"
"28/07/2026","18.060,0","18.062,5","18.096,5","18.057,5","","0,31%"
"29/07/2026","18.050,0","18.095,0","18.107,5","18.050,0","","-0,06%"
"30/07/2026","18.080,0","18.065,0","18.097,5","18.054,5","","0,17%"
"31/07/2026","17.994,0","18.070,0","18.086,5","17.991,5","","-0,48%"
"03/08/2026","17.985,0","17.990,0","18.012,5","17.962,5","","-0,05%"
"04/08/2026","18.020,0","18.020,0","18.047,5","18.010,0","","0,19%"
"05/08/2026","17.930,0","17.967,0","17.975,0","17.907,5","","-0,50%"
"06/08/2026","17.915,0","17.925,0","17.936,0","17.896,5","","-0,08%"
"07/08/2026","17.890,0","17.927,5","17.944,0","17.875,0","","-0,14%"
"10/08/2026","17.755,0","17.810,0","17.829,0","17.737,5","","-0,75%"
"11/08/2026","17.835,0","17.790,0","17.852,5","17.785,0","","0,45%"
"12/08/2026","17.870,0","17.854,5","17.887,5","17.850,5","","0,20%"
"13/08/2026","17.865,0","17.877,5","17.892,5","17.862,0","","-0,03%"
"14/08/2026","17.825,0","17.880,0","17.880,0","17.815,0","","-0,22%"
"17/08/2026","17.825,0","17.825,0","17.825,0","17.825,0","","0,00%"
"18/08/2026","17.855,0","17.845,0","17.865,0","17.830,0","","0,17%"
"19/08/2026","17.830,0","17.855,0","17.871,5","17.825,0","","-0,14%"
"20/08/2026","17.742,5","17.815,0","17.821,0","17.740,0","","-0,49%"
"21/08/2026","17.754,6","17.731,1","17.773,3","17.738,1","","0,07%"