tanggal,stasiun,pm25,pm10,so2,co,o3,no2,max,critical,categori
2021-11-30,DKI1 (Bunderan HI),50.0,29.0,31.0,9.0,18.0,7.0,50.0,PM25,BAIK
2021-12-01,DKI1 (Bunderan HI),65.0,49.0,33.0,13.0,15.0,12.0,65.0,PM25,SEDANG
2021-12-02,DKI1 (Bunderan HI),34.0,28.0,31.0,7.0,15.0,5.0,34.0,PM25,BAIK
2021-12-03,DKI1 (Bunderan HI),31.0,49.0,9.0,19.0,7.0,49.0,49.0,PM25,BAIK
2021-12-04,DKI1 (Bunderan HI),52.0,39.0,35.0,13.0,15.0,9.0,52.0,PM25,SEDANG
2021-12-05,DKI1 (Bunderan HI),57.0,41.0,39.0,15.0,15.0,9.0,57.0,PM25,SEDANG
2021-12-06,DKI1 (Bunderan HI),81.0,60.0,55.0,23.0,18.0,11.0,81.0,PM25,SEDANG
2021-12-07,DKI1 (Bunderan HI),31.0,30.0,34.0,12.0,16.0,9.0,34.0,SO2,BAIK
2021-12-08,DKI1 (Bunderan HI),60.0,45.0,33.0,17.0,18.0,10.0,60.0,PM25,SEDANG
2021-12-09,DKI1 (Bunderan HI),50.0,33.0,36.0,10.0,21.0,11.0,50.0,PM25,BAIK
2021-12-10,DKI1 (Bunderan HI),59.0,46.0,43.0,14.0,19.0,12.0,59.0,PM25,SEDANG
2021-12-11,DKI1 (Bunderan HI),43.0,28.0,33.0,8.0,24.0,9.0,43.0,PM25,BAIK
2021-12-12,DKI1 (Bunderan HI),57.0,44.0,32.0,17.0,15.0,7.0,57.0,PM25,SEDANG
2021-12-13,DKI1 (Bunderan HI),46.0,31.0,34.0,10.0,13.0,6.0,46.0,PM25,BAIK
2021-12-14,DKI1 (Bunderan HI),61.0,46.0,46.0,15.0,16.0,10.0,61.0,PM25,SEDANG
2021-12-15,DKI1 (Bunderan HI),75.0,58.0,43.0,19.0,20.0,14.0,75.0,PM25,SEDANG
2021-12-16,DKI1 (Bunderan HI),74.0,56.0,39.0,20.0,24.0,16.0,74.0,PM25,SEDANG
2021-12-17,DKI1 (Bunderan HI),71.0,53.0,42.0,18.0,24.0,15.0,71.0,PM25,SEDANG
2021-12-18,DKI1 (Bunderan HI),63.0,51.0,39.0,18.0,22.0,10.0,63.0,PM25,SEDANG
2021-12-19,DKI1 (Bunderan HI),81.0,58.0,38.0,24.0,33.0,15.0,81.0,PM25,SEDANG
2021-12-20,DKI1 (Bunderan HI),63.0,52.0,39.0,13.0,23.0,11.0,63.0,PM25,SEDANG
2021-12-21,DKI1 (Bunderan HI),74.0,52.0,41.0,19.0,22.0,17.0,74.0,PM25,SEDANG
2021-12-22,DKI1 (Bunderan HI),85.0,63.0,56.0,28.0,25.0,19.0,85.0,PM25,SEDANG
2021-12-23,DKI1 (Bunderan HI),77.0,56.0,57.0,18.0,20.0,18.0,77.0,PM25,SEDANG
2021-12-24,DKI1 (Bunderan HI),52.0,34.0,53.0,15.0,17.0,11.0,53.0,SO2,SEDANG
2021-12-25,DKI1 (Bunderan HI),68.0,53.0,56.0,17.0,17.0,9.0,68.0,PM25,SEDANG
2021-12-26,DKI1 (Bunderan HI),53.0,35.0,51.0,11.0,22.0,10.0,53.0,PM25,SEDANG
2021-12-27,DKI1 (Bunderan HI),71.0,52.0,61.0,15.0,20.0,15.0,71.0,PM25,SEDANG
2021-12-28,DKI1 (Bunderan HI),65.0,51.0,53.0,15.0,18.0,13.0,65.0,PM25,SEDANG
2021-12-29,DKI1 (Bunderan HI),49.0,31.0,54.0,10.0,24.0,11.0,54.0,SO2,SEDANG
2021-12-30,DKI1 (Bunderan HI),71.0,55.0,53.0,16.0,23.0,14.0,71.0,PM25,SEDANG
2021-12-31,DKI1 (Bunderan HI),85.0,62.0,52.0,23.0,20.0,14.0,85.0,PM25,SEDANG
2023-01-01,DKI1 (Bunderan HI),55.0,44.0,47.0,10.0,24.0,9.0,55.0,PM25,SEDANG
2023-01-02,DKI1 (Bunderan HI),43.0,32.0,52.0,9.0,24.0,8.0,52.0,SO2,SEDANG
2023-01-03,DKI1 (Bunderan HI),35.0,31.0,49.0,9.0,12.0,7.0,49.0,SO2,BAIK
2023-01-04,DKI1 (Bunderan HI),47.0,30.0,53.0,11.0,15.0,9.0,53.0,SO2,SEDANG
2023-01-05,DKI1 (Bunderan HI),50.0,38.0,50.0,13.0,26.0,11.0,50.0,PM25,BAIK
2023-01-06,DKI1 (Bunderan HI),48.0,31.0,45.0,10.0,13.0,7.0,48.0,PM25,BAIK
2023-01-07,DKI1 (Bunderan HI),42.0,25.0,44.0,10.0,9.0,5.0,44.0,SO2,BAIK
2023-01-08,DKI1 (Bunderan HI),49.0,28.0,47.0,11.0,9.0,4.0,49.0,PM25,BAIK
2023-01-09,DKI1 (Bunderan HI),39.0,25.0,48.0,10.0,12.0,5.0,48.0,SO2,BAIK
2023-01-10,DKI1 (Bunderan HI),44.0,37.0,45.0,11.0,21.0,8.0,45.0,SO2,BAIK
2023-01-11,DKI1 (Bunderan HI),65.0,42.0,47.0,13.0,25.0,10.0,65.0,PM25,SEDANG
2023-01-12,DKI1 (Bunderan HI),69.0,53.0,49.0,12.0,28.0,13.0,69.0,PM25,SEDANG
2023-01-13,DKI1 (Bunderan HI),78.0,57.0,47.0,11.0,26.0,18.0,78.0,PM25,SEDANG
2023-01-14,DKI1 (Bunderan HI),70.0,51.0,45.0,11.0,31.0,14.0,70.0,PM25,SEDANG
2023-01-15,DKI1 (Bunderan HI),57.0,46.0,44.0,11.0,24.0,7.0,57.0,PM25,SEDANG
2023-01-16,DKI1 (Bunderan HI),40.0,34.0,42.0,11.0,11.0,6.0,42.0,SO2,BAIK
2023-01-17,DKI1 (Bunderan HI),52.0,40.0,45.0,12.0,9.0,6.0,52.0,PM25,SEDANG
2023-01-18,DKI1 (Bunderan HI),71.0,55.0,55.0,12.0,10.0,11.0,71.0,PM25,SEDANG
2023-01-19,DKI1 (Bunderan HI),63.0,53.0,53.0,11.0,9.0,10.0,63.0,PM25,SEDANG
2023-01-20,DKI1 (Bunderan HI),57.0,42.0,51.0,10.0,12.0,9.0,57.0,PM25,SEDANG
2023-01-21,DKI1 (Bunderan HI),59.0,42.0,,9.0,10.0,20.0,59.0,PM25,SEDANG
2023-01-22,DKI1 (Bunderan HI),46.0,37.0,,7.0,11.0,17.0,46.0,PM25,BAIK
2023-01-23,DKI1 (Bunderan HI),32.0,21.0,,6.0,13.0,12.0,32.0,PM25,BAIK
2023-01-24,DKI1 (Bunderan HI),39.0,29.0,,7.0,10.0,20.0,39.0,PM25,BAIK
2023-01-25,DKI1 (Bunderan HI),50.0,30.0,56.0,6.0,10.0,16.0,56.0,SO2,SEDANG
2023-01-26,DKI1 (Bunderan HI),45.0,41.0,45.0,8.0,11.0,20.0,45.0,PM25,BAIK
2023-01-27,DKI1 (Bunderan HI),56.0,47.0,44.0,11.0,21.0,25.0,56.0,PM25,SEDANG
2023-01-28,DKI1 (Bunderan HI),45.0,33.0,41.0,8.0,14.0,27.0,45.0,PM25,BAIK
2023-01-29,DKI1 (Bunderan HI),60.0,50.0,43.0,10.0,20.0,26.0,60.0,PM25,SEDANG
2023-01-30,DKI1 (Bunderan HI),56.0,37.0,44.0,9.0,21.0,27.0,56.0,PM25,SEDANG
2023-01-31,DKI1 (Bunderan HI),65.0,50.0,55.0,9.0,16.0,30.0,65.0,PM25,SEDANG
2023-02-01,DKI1 (Bunderan HI),57.0,46.0,51.0,9.0,23.0,32.0,57.0,PM25,SEDANG
2023-02-02,DKI1 (Bunderan HI),61.0,49.0,43.0,9.0,26.0,29.0,61.0,PM25,SEDANG
2023-02-03,DKI1 (Bunderan HI),42.0,28.0,50.0,5.0,21.0,24.0,50.0,SO2,BAIK
2023-02-04,DKI1 (Bunderan HI),71.0,55.0,53.0,8.0,25.0,27.0,71.0,PM25,SEDANG
2023-02-05,DKI1 (Bunderan HI),59.0,45.0,45.0,6.0,27.0,17.0,59.0,PM25,SEDANG
2023-02-06,DKI1 (Bunderan HI),51.0,34.0,52.0,6.0,15.0,12.0,52.0,SO2,SEDANG
2023-02-07,DKI1 (Bunderan HI),52.0,41.0,50.0,7.0,14.0,22.0,52.0,PM25,SEDANG
2023-02-08,DKI1 (Bunderan HI),38.0,30.0,40.0,8.0,31.0,24.0,40.0,SO2,BAIK
2023-02-09,DKI1 (Bunderan HI),43.0,31.0,38.0,6.0,11.0,17.0,43.0,PM25,BAIK
2023-02-10,DKI1 (Bunderan HI),30.0,25.0,37.0,6.0,19.0,15.0,37.0,SO2,BAIK
2023-02-11,DKI1 (Bunderan HI),34.0,34.0,35.0,8.0,21.0,19.0,35.0,SO2,BAIK
2023-02-12,DKI1 (Bunderan HI),16.0,20.0,34.0,5.0,23.0,16.0,34.0,SO2,BAIK
2023-02-13,DKI1 (Bunderan HI),26.0,28.0,34.0,5.0,23.0,13.0,34.0,SO2,BAIK
2023-02-14,DKI1 (Bunderan HI),18.0,23.0,34.0,5.0,23.0,11.0,34.0,SO2,BAIK
2023-02-15,DKI1 (Bunderan HI),21.0,21.0,34.0,6.0,17.0,11.0,34.0,SO2,BAIK
2023-02-16,DKI1 (Bunderan HI),30.0,29.0,35.0,6.0,20.0,15.0,35.0,SO2,BAIK
2023-02-17,DKI1 (Bunderan HI),43.0,33.0,39.0,7.0,18.0,21.0,43.0,PM25,BAIK
2023-02-18,DKI1 (Bunderan HI),70.0,54.0,43.0,11.0,22.0,26.0,70.0,PM25,SEDANG
2023-02-19,DKI1 (Bunderan HI),73.0,56.0,39.0,8.0,27.0,25.0,73.0,PM25,SEDANG
2023-02-20,DKI1 (Bunderan HI),50.0,38.0,39.0,7.0,23.0,14.0,50.0,PM25,BAIK
2023-02-21,DKI1 (Bunderan HI),32.0,24.0,39.0,8.0,21.0,16.0,39.0,SO2,BAIK
2023-02-22,DKI1 (Bunderan HI),31.0,29.0,40.0,8.0,23.0,19.0,40.0,SO2,BAIK
2023-02-23,DKI1 (Bunderan HI),47.0,36.0,40.0,,23.0,23.0,47.0,PM25,BAIK
2023-02-24,DKI1 (Bunderan HI),33.0,28.0,44.0,10.0,22.0,28.0,44.0,SO2,BAIK
2023-02-25,DKI1 (Bunderan HI),45.0,36.0,44.0,9.0,27.0,29.0,45.0,PM25,BAIK
2023-02-26,DKI1 (Bunderan HI),44.0,34.0,44.0,10.0,26.0,23.0,44.0,PM25,BAIK
2023-02-27,DKI1 (Bunderan HI),32.0,32.0,43.0,10.0,30.0,24.0,43.0,SO2,BAIK
2023-02-28,DKI1 (Bunderan HI),54.0,43.0,52.0,10.0,19.0,32.0,54.0,PM25,SEDANG
2023-03-01,DKI1 (Bunderan HI),44.0,38.0,50.0,8.0,19.0,27.0,50.0,SO2,BAIK
2023-03-02,DKI1 (Bunderan HI),33.0,29.0,47.0,11.0,21.0,27.0,47.0,SO2,BAIK
2023-03-03,DKI1 (Bunderan HI),46.0,38.0,49.0,9.0,16.0,25.0,49.0,SO2,BAIK
2023-03-04,DKI1 (Bunderan HI),40.0,31.0,50.0,,18.0,21.0,50.0,SO2,BAIK
2023-03-05,DKI1 (Bunderan HI),41.0,33.0,47.0,11.0,21.0,22.0,47.0,SO2,BAIK
2023-03-06,DKI1 (Bunderan HI),44.0,31.0,46.0,9.0,20.0,19.0,46.0,SO2,BAIK
2023-03-07,DKI1 (Bunderan HI),54.0,37.0,50.0,11.0,17.0,19.0,54.0,PM25,SEDANG
2023-03-08,DKI1 (Bunderan HI),54.0,42.0,51.0,12.0,17.0,23.0,54.0,PM25,SEDANG
2023-03-09,DKI1 (Bunderan HI),58.0,47.0,46.0,13.0,22.0,33.0,58.0,PM25,SEDANG
2023-03-10,DKI1 (Bunderan HI),61.0,45.0,46.0,12.0,14.0,28.0,61.0,PM25,SEDANG
2023-03-11,DKI1 (Bunderan HI),62.0,44.0,45.0,12.0,18.0,35.0,62.0,PM25,SEDANG
2023-03-12,DKI1 (Bunderan HI),83.0,61.0,47.0,13.0,17.0,39.0,83.0,PM25,SEDANG
2023-03-13,DKI1 (Bunderan HI),72.0,53.0,48.0,12.0,21.0,33.0,72.0,PM25,SEDANG
2023-03-14,DKI1 (Bunderan HI),61.0,51.0,47.0,12.0,15.0,30.0,61.0,PM25,SEDANG
2023-03-15,DKI1 (Bunderan HI),42.0,29.0,43.0,11.0,23.0,31.0,43.0,SO2,BAIK
2023-03-16,DKI1 (Bunderan HI),84.0,64.0,46.0,15.0,21.0,44.0,84.0,PM25,SEDANG
2023-03-17,DKI1 (Bunderan HI),59.0,49.0,44.0,11.0,21.0,28.0,59.0,PM25,SEDANG
2023-03-18,DKI1 (Bunderan HI),60.0,44.0,45.0,12.0,20.0,34.0,60.0,PM25,SEDANG
2023-03-19,DKI1 (Bunderan HI),67.0,53.0,46.0,12.0,24.0,29.0,67.0,PM25,SEDANG
2023-03-20,DKI1 (Bunderan HI),76.0,54.0,47.0,13.0,28.0,33.0,76.0,PM25,SEDANG
2023-03-21,DKI1 (Bunderan HI),71.0,54.0,47.0,14.0,20.0,45.0,71.0,PM25,SEDANG
